Customer_Name,max_order_date,last_order_date,MonetaryValue,Frequency,Recency,rfm_Recency,rfm_Frequency,rfm_MonetaryValue,rfm_code,rfm_string_code,Profit,Quantity,Total_Sales,Discount
Aaron Bergman,2018-12-30 00:00:00.0000000,2017-11-10 00:00:00.0000000,143818,6,415,1,1,1,3,111,1293465,13,143818,4
Aaron Hawkins,2018-12-30 00:00:00.0000000,2018-12-18 00:00:00.0000000,464630,11,12,5,3,2,10,532,1776741,54,464630,10
Aaron Smayling,2018-12-30 00:00:00.0000000,2018-10-03 00:00:00.0000000,2257567,10,88,3,2,5,10,325,-2480459,48,2257567,49
Adam Bellavance,2018-12-30 00:00:00.0000000,2018-11-06 00:00:00.0000000,5110574,18,54,3,5,5,13,355,19764208,56,5110574,8
Adam Hart,2018-12-30 00:00:00.0000000,2018-11-26 00:00:00.0000000,2343506,20,34,4,5,5,14,455,1734032,75,2343506,27
Adam Shillingsburg,2018-12-30 00:00:00.0000000,2018-12-02 00:00:00.0000000,1970668,25,28,4,5,4,13,454,472799,81,1970668,45
Adrian Barton,2018-12-30 00:00:00.0000000,2018-11-19 00:00:00.0000000,2898788,20,41,4,5,5,14,455,6459722,73,2898788,48
Adrian Hane,2018-12-30 00:00:00.0000000,2018-10-31 00:00:00.0000000,559349,16,60,3,4,2,9,342,1645976,65,559349,38
Adrian Shami,2018-12-30 00:00:00.0000000,2018-11-19 00:00:00.0000000,5882,3,41,4,1,1,6,411,93108,9,5882,2
Aimee Bixby,2018-12-30 00:00:00.0000000,2018-11-19 00:00:00.0000000,280163,12,41,4,3,2,9,432,3210262,37,280163,16
Alan Barnes,2018-12-30 00:00:00.0000000,2018-12-05 00:00:00.0000000,397663,14,25,5,4,2,11,542,1208113,48,397663,19
Alan Dominguez,2018-12-30 00:00:00.0000000,2018-12-01 00:00:00.0000000,1197155,12,29,4,3,4,11,434,3463536,40,1197155,7
Alan Haines,2018-12-30 00:00:00.0000000,2018-11-05 00:00:00.0000000,707693,8,55,3,2,3,8,323,-2261620,28,707693,28
Alan Hwang,2018-12-30 00:00:00.0000000,2018-12-24 00:00:00.0000000,476065,13,6,5,4,2,11,542,10080878,53,476065,12
Alan Schoenberger,2018-12-30 00:00:00.0000000,2018-12-08 00:00:00.0000000,450796,13,22,5,3,2,10,532,3039256,41,450796,8
Alan Shonely,2018-12-30 00:00:00.0000000,2018-06-21 00:00:00.0000000,501871,13,192,2,3,2,7,232,494721,39,501871,35
Alejandro Ballentine,2018-12-30 00:00:00.0000000,2018-07-17 00:00:00.0000000,583602,14,166,2,4,2,8,242,1677986,39,583602,14
Alejandro Grove,2018-12-30 00:00:00.0000000,2018-03-27 00:00:00.0000000,226563,14,278,1,4,1,6,141,5237131,58,226563,2
Alejandro Savely,2018-12-30 00:00:00.0000000,2018-12-11 00:00:00.0000000,568434,8,19,5,2,2,9,522,3158988,39,568434,18
Aleksandra Gannaway,2018-12-30 00:00:00.0000000,2018-09-03 00:00:00.0000000,53214,5,118,2,1,1,4,211,149832,16,53214,4
Alex Avila,2018-12-30 00:00:00.0000000,2018-06-29 00:00:00.0000000,5090484,11,184,2,3,5,10,235,-6775855,30,5090484,10
Alex Grayson,2018-12-30 00:00:00.0000000,2018-12-22 00:00:00.0000000,77502,9,8,5,2,1,8,521,531064,47,77502,21
Alex Russell,2018-12-30 00:00:00.0000000,2018-09-10 00:00:00.0000000,957954,5,111,2,1,3,6,213,-2429487,18,957954,13
Alice McCarthy,2018-12-30 00:00:00.0000000,2018-12-02 00:00:00.0000000,216034,12,28,4,3,1,8,431,1767655,48,216034,15
Allen Armold,2018-12-30 00:00:00.0000000,2018-12-11 00:00:00.0000000,165678,15,19,5,4,1,10,541,2189580,41,165678,12
Allen Goldenen,2018-12-30 00:00:00.0000000,2018-09-07 00:00:00.0000000,52508,8,114,2,2,1,5,221,388953,33,52508,18
Allen Rosenblatt,2018-12-30 00:00:00.0000000,2018-08-27 00:00:00.0000000,1780827,7,125,2,1,4,7,214,-2029666,29,1780827,7
Alyssa Crouse,2018-12-30 00:00:00.0000000,2018-05-12 00:00:00.0000000,779856,5,232,1,1,3,5,113,-179712,17,779856,16
Alyssa Tate,2018-12-30 00:00:00.0000000,2018-12-09 00:00:00.0000000,913433,9,21,5,2,3,10,523,277383,28,913433,18
Amy Cox,2018-12-30 00:00:00.0000000,2018-12-19 00:00:00.0000000,1285192,9,11,5,2,4,11,524,13535277,43,1285192,17
Amy Hunt,2018-12-30 00:00:00.0000000,2018-05-14 00:00:00.0000000,13672749,8,230,1,2,5,8,125,-2889407,35,13672749,40
Andrew Allen,2018-12-30 00:00:00.0000000,2018-04-15 00:00:00.0000000,193048,12,259,1,3,1,5,131,4358274,36,193048,2
Andrew Gjertsen,2018-12-30 00:00:00.0000000,2018-10-13 00:00:00.0000000,1210894,21,78,3,5,4,12,354,2357322,93,1210894,43
Andrew Roberts,2018-12-30 00:00:00.0000000,2018-12-16 00:00:00.0000000,120711,7,14,5,2,1,8,521,390039,33,120711,15
Andy Gerbode,2018-12-30 00:00:00.0000000,2016-09-07 00:00:00.0000000,749681,9,844,1,2,3,6,123,-807487,33,749681,14
Andy Reiter,2018-12-30 00:00:00.0000000,2018-12-24 00:00:00.0000000,1236816,9,6,5,2,4,11,524,28760402,33,1236816,6
Andy Yotov,2018-12-30 00:00:00.0000000,2018-12-16 00:00:00.0000000,278071,10,14,5,2,2,9,522,836705,34,278071,10
Anemone Ratner,2018-12-30 00:00:00.0000000,2017-07-14 00:00:00.0000000,5539,2,534,1,1,1,3,111,32633,6,5539,0
Angele Hood,2018-12-30 00:00:00.0000000,2018-12-09 00:00:00.0000000,85050,5,21,5,1,1,7,511,83963,17,85050,6
Ann Blume,2018-12-30 00:00:00.0000000,2018-11-10 00:00:00.0000000,1494514,8,50,4,2,4,10,424,-1737896,38,1494514,30
Ann Chong,2018-12-30 00:00:00.0000000,2018-12-24 00:00:00.0000000,625708,18,6,5,4,2,11,542,197688,59,625708,20
Ann Steele,2018-12-30 00:00:00.0000000,2018-09-29 00:00:00.0000000,271051,12,92,3,3,2,8,332,943854,34,271051,22
Anna Andreadi,2018-12-30 00:00:00.0000000,2018-11-05 00:00:00.0000000,1737756,18,55,3,5,4,12,354,2154130,64,1737756,25
Anna Chung,2018-12-30 00:00:00.0000000,2018-03-23 00:00:00.0000000,625024,6,282,1,1,2,4,112,-545709,16,625024,11
Anna Gayman,2018-12-30 00:00:00.0000000,2018-09-24 00:00:00.0000000,24906012,15,97,3,4,5,12,345,-2240382,54,24906012,53
Anna Häberlin,2018-12-30 00:00:00.0000000,2017-11-15 00:00:00.0000000,2616481,23,410,1,5,5,11,155,2373135,102,2616481,50
Anne McFarland,2018-12-30 00:00:00.0000000,2018-07-21 00:00:00.0000000,742669,22,162,2,5,3,10,253,3301871,81,742669,14
Anne Pryor,2018-12-30 00:00:00.0000000,2018-11-19 00:00:00.0000000,1033196,19,41,4,5,3,12,453,1964494,85,1033196,31
Annie Thurman,2018-12-30 00:00:00.0000000,2018-12-17 00:00:00.0000000,622239,16,13,5,4,2,11,542,8575723,60,622239,14
Annie Zypern,2018-12-30 00:00:00.0000000,2018-07-23 00:00:00.0000000,1350182,12,160,2,3,4,9,234,1412775,40,1350182,15
Anthony Garverick,2018-12-30 00:00:00.0000000,2018-10-14 00:00:00.0000000,48949,5,77,3,1,1,5,311,-432223,20,48949,23
Anthony Jacobs,2018-12-30 00:00:00.0000000,2018-10-16 00:00:00.0000000,2037924,15,75,3,4,5,12,345,148076,62,2037924,13
Anthony Johnson,2018-12-30 00:00:00.0000000,2018-07-17 00:00:00.0000000,2608313,21,166,2,5,5,12,255,5945396,88,2608313,31
Anthony O'Donnell,2018-12-30 00:00:00.0000000,2017-08-16 00:00:00.0000000,16128,1,501,1,1,1,3,111,12096,2,16128,2
Anthony Rawles,2018-12-30 00:00:00.0000000,2018-11-02 00:00:00.0000000,2959055,13,58,3,3,5,11,335,1697372,54,2959055,10
Anthony Witt,2018-12-30 00:00:00.0000000,2018-12-10 00:00:00.0000000,255428,8,20,5,2,1,8,521,-60007,24,255428,16
Arianne Irving,2018-12-30 00:00:00.0000000,2018-12-17 00:00:00.0000000,729058,18,13,5,5,3,13,553,5674349,72,729058,13
Art Ferguson,2018-12-30 00:00:00.0000000,2018-11-19 00:00:00.0000000,680012,16,41,4,4,3,11,443,1921296,51,680012,32
Art Foster,2018-12-30 00:00:00.0000000,2017-11-10 00:00:00.0000000,493735,7,415,1,1,2,4,112,-1627152,37,493735,18
Arthur Gainer,2018-12-30 00:00:00.0000000,2018-09-25 00:00:00.0000000,2476212,21,96,3,5,5,13,355,4749663,92,2476212,62
Arthur Prichep,2018-12-30 00:00:00.0000000,2018-09-23 00:00:00.0000000,1015605,31,98,3,5,3,11,353,3579545,102,1015605,29
Arthur Wiediger,2018-12-30 00:00:00.0000000,2018-11-14 00:00:00.0000000,1469542,16,46,4,4,4,12,444,-313498,68,1469542,49
Ashley Jarboe,2018-12-30 00:00:00.0000000,2018-10-06 00:00:00.0000000,201123,10,85,3,2,1,6,321,3365965,40,201123,4
Astrea Jones,2018-12-30 00:00:00.0000000,2018-10-17 00:00:00.0000000,94828,5,74,3,1,1,5,311,246803,22,94828,2
Barbara Fisher,2018-12-30 00:00:00.0000000,2018-09-30 00:00:00.0000000,208991,13,91,3,3,1,7,331,626169,38,208991,19
Barry Blumstein,2018-12-30 00:00:00.0000000,2018-09-16 00:00:00.0000000,438232,8,105,2,2,2,6,222,104040,26,438232,16
Barry Franz,2018-12-30 00:00:00.0000000,2018-11-21 00:00:00.0000000,959813,10,39,4,2,3,9,423,964217,26,959813,18
Barry Französisch,2018-12-30 00:00:00.0000000,2018-10-17 00:00:00.0000000,1589977,21,74,3,5,4,12,354,614446,78,1589977,54
Barry Gonzalez,2018-12-30 00:00:00.0000000,2018-12-02 00:00:00.0000000,1992242,12,28,4,3,4,11,434,-1219850,35,1992242,23
Barry Pond,2018-12-30 00:00:00.0000000,2018-10-08 00:00:00.0000000,44477,7,83,3,1,1,5,311,1377767,30,44477,10
Barry Weirich,2018-12-30 00:00:00.0000000,2018-06-01 00:00:00.0000000,372358,3,212,2,1,2,5,212,-582866,8,372358,4
Bart Folk,2018-12-30 00:00:00.0000000,2018-12-05 00:00:00.0000000,21760,6,25,5,1,1,7,511,412591,29,21760,0
Bart Pistole,2018-12-30 00:00:00.0000000,2018-12-13 00:00:00.0000000,869519,20,17,5,5,3,13,553,2210954,70,869519,33
Bart Watters,2018-12-30 00:00:00.0000000,2018-08-31 00:00:00.0000000,4190918,17,121,2,4,5,11,245,2945586,74,4190918,24
Becky Castell,2018-12-30 00:00:00.0000000,2018-06-11 00:00:00.0000000,2154546,18,202,2,5,5,12,255,1170780,60,2154546,20
Becky Martin,2018-12-30 00:00:00.0000000,2018-02-26 00:00:00.0000000,9134567,16,307,1,4,5,10,145,-360764,64,9134567,27
Becky Pak,2018-12-30 00:00:00.0000000,2018-10-02 00:00:00.0000000,209468,11,89,3,3,1,7,331,2335071,32,209468,9
Ben Ferrer,2018-12-30 00:00:00.0000000,2018-12-14 00:00:00.0000000,2787105,27,16,5,5,5,15,555,9202133,102,2787105,33
Ben Peterman,2018-12-30 00:00:00.0000000,2018-12-29 00:00:00.0000000,2118528,18,1,5,5,5,15,555,1285785,69,2118528,35
Ben Wallace,2018-12-30 00:00:00.0000000,2018-06-10 00:00:00.0000000,1316657,10,203,2,2,4,8,224,1973605,49,1316657,15
Benjamin Farhat,2018-12-30 00:00:00.0000000,2018-10-26 00:00:00.0000000,327061,8,65,3,2,2,7,322,3444202,48,327061,4
Benjamin Patterson,2018-12-30 00:00:00.0000000,2018-11-21 00:00:00.0000000,118149,6,39,4,1,1,6,411,-1972695,14,118149,4
Benjamin Venier,2018-12-30 00:00:00.0000000,2018-01-30 00:00:00.0000000,795119,14,334,1,4,3,8,143,1673874,49,795119,13
Berenike Kampe,2018-12-30 00:00:00.0000000,2018-10-14 00:00:00.0000000,126068,16,77,3,4,1,8,341,632913,58,126068,33
Beth Fritzler,2018-12-30 00:00:00.0000000,2018-11-03 00:00:00.0000000,754271,4,57,3,1,3,7,313,49587,11,754271,6
Beth Paige,2018-12-30 00:00:00.0000000,2018-12-18 00:00:00.0000000,1737733,16,12,5,4,4,13,544,-3480086,51,1737733,48
Beth Thompson,2018-12-30 00:00:00.0000000,2018-01-28 00:00:00.0000000,261001,9,336,1,2,1,4,121,2782538,33,261001,4
Bill Donatelli,2018-12-30 00:00:00.0000000,2018-11-27 00:00:00.0000000,2408861,19,33,4,5,5,14,455,2893925,75,2408861,15
Bill Eplett,2018-12-30 00:00:00.0000000,2018-09-02 00:00:00.0000000,322337,9,119,2,2,2,6,222,10923202,35,322337,2
Bill Overfelt,2018-12-30 00:00:00.0000000,2018-08-15 00:00:00.0000000,563516,12,137,2,3,2,7,232,846848,43,563516,28
Bill Shonely,2018-12-30 00:00:00.0000000,2017-06-20 00:00:00.0000000,1845660,9,558,1,2,4,7,124,26048657,39,1845660,1
Bill Stewart,2018-12-30 00:00:00.0000000,2018-12-02 00:00:00.0000000,2675588,13,28,4,3,5,12,435,2762053,58,2675588,36
Bill Tyler,2018-12-30 00:00:00.0000000,2018-03-03 00:00:00.0000000,838116,10,302,1,3,3,7,133,2579163,38,838116,15
Bobby Elias,2018-12-30 00:00:00.0000000,2018-09-23 00:00:00.0000000,495179,5,98,3,1,2,6,312,6567081,19,495179,8
Bobby Odegard,2018-12-30 00:00:00.0000000,2018-10-16 00:00:00.0000000,13083,2,75,3,1,1,5,311,78057,7,13083,0
Bobby Trafton,2018-12-30 00:00:00.0000000,2017-06-18 00:00:00.0000000,512841,7,560,1,1,2,4,112,-377492,16,512841,11
Brad Eason,2018-12-30 00:00:00.0000000,2018-04-20 00:00:00.0000000,1143075,13,254,1,3,3,7,133,907691,40,1143075,19
Brad Norvell,2018-12-30 00:00:00.0000000,2018-12-06 00:00:00.0000000,105528,6,24,5,1,1,7,511,366131,15,105528,10
Brad Thomas,2018-12-30 00:00:00.0000000,2017-03-11 00:00:00.0000000,66221,3,659,1,1,1,3,111,1047393,11,66221,2
Bradley Drucker,2018-12-30 00:00:00.0000000,2018-11-25 00:00:00.0000000,1032319,10,35,4,2,3,9,423,8658216,49,1032319,27
Bradley Nguyen,2018-12-30 00:00:00.0000000,2018-12-21 00:00:00.0000000,110955,17,9,5,4,1,10,541,1814360,79,110955,4
Bradley Talbott,2018-12-30 00:00:00.0000000,2018-09-30 00:00:00.0000000,2001554,10,91,3,2,4,9,324,3156661,44,2001554,10
Brenda Bowman,2018-12-30 00:00:00.0000000,2018-12-02 00:00:00.0000000,1728860,20,28,4,5,4,13,454,5809375,83,1728860,39
Brendan Dodson,2018-12-30 00:00:00.0000000,2018-03-27 00:00:00.0000000,32054,4,278,1,1,1,3,111,1108037,11,32054,0
Brendan Murry,2018-12-30 00:00:00.0000000,2018-09-21 00:00:00.0000000,392119,10,100,3,2,2,7,322,686248,22,392119,18
Brendan Sweed,2018-12-30 00:00:00.0000000,2018-11-25 00:00:00.0000000,1422601,10,35,4,2,4,10,424,2227147,41,1422601,30
Brian Dahlen,2018-12-30 00:00:00.0000000,2018-09-24 00:00:00.0000000,1164840,20,97,3,5,4,12,354,3012631,74,1164840,28
Brian DeCherney,2018-12-30 00:00:00.0000000,2018-10-22 00:00:00.0000000,1014247,8,69,3,2,3,8,323,1957967,27,1014247,14
Brian Derr,2018-12-30 00:00:00.0000000,2018-12-21 00:00:00.0000000,178501,5,9,5,1,1,7,511,321543,19,178501,5
Brian Moss,2018-12-30 00:00:00.0000000,2018-11-27 00:00:00.0000000,1415241,29,33,4,5,4,13,454,19716951,95,1415241,38
Brian Stugart,2018-12-30 00:00:00.0000000,2017-05-27 00:00:00.0000000,2145596,11,582,1,3,5,9,135,1586206,47,2145596,20
Brian Thompson,2018-12-30 00:00:00.0000000,2018-12-10 00:00:00.0000000,375882,20,20,5,5,2,12,552,5747780,88,375882,14
Brooke Gillingham,2018-12-30 00:00:00.0000000,2018-11-24 00:00:00.0000000,1742592,8,36,4,2,4,10,424,412730,24,1742592,11
Brosina Hoffman,2018-12-30 00:00:00.0000000,2018-12-07 00:00:00.0000000,4741353,24,23,5,5,5,15,555,7889856,97,4741353,44
Bruce Degenhardt,2018-12-30 00:00:00.0000000,2018-09-28 00:00:00.0000000,152650,10,93,3,2,1,6,321,2920427,29,152650,2
Bruce Geld,2018-12-30 00:00:00.0000000,2018-11-03 00:00:00.0000000,611274,7,57,3,2,2,7,322,811024,22,611274,10
Bruce Stewart,2018-12-30 00:00:00.0000000,2018-12-29 00:00:00.0000000,1296496,14,1,5,4,4,13,544,-770698,45,1296496,32
Bryan Davis,2018-12-30 00:00:00.0000000,2018-02-06 00:00:00.0000000,449045,10,327,1,3,2,6,132,846784,21,449045,12
Bryan Mills,2018-12-30 00:00:00.0000000,2018-05-26 00:00:00.0000000,1192754,14,218,2,4,4,10,244,1063924,44,1192754,35
Bryan Spruell,2018-12-30 00:00:00.0000000,2018-04-09 00:00:00.0000000,77699,8,265,1,2,1,4,121,1112804,22,77699,0
Candace McMahon,2018-12-30 00:00:00.0000000,2018-08-21 00:00:00.0000000,839264,10,131,2,2,3,7,223,1863749,38,839264,12
Cari Sayre,2018-12-30 00:00:00.0000000,2018-09-30 00:00:00.0000000,1113723,8,91,3,2,3,8,323,2102446,22,1113723,22
Cari Schnelling,2018-12-30 00:00:00.0000000,2018-07-21 00:00:00.0000000,513818,7,162,2,1,2,5,212,239392,16,513818,16
Carl Jackson,2018-12-30 00:00:00.0000000,2017-12-30 00:00:00.0000000,1652,1,365,1,1,1,3,111,1652,5,1652,2
Carl Ludwig,2018-12-30 00:00:00.0000000,2018-09-15 00:00:00.0000000,273427,7,106,2,1,2,5,212,3087131,24,273427,4
Carl Weiss,2018-12-30 00:00:00.0000000,2018-12-08 00:00:00.0000000,252468,11,22,5,3,1,9,531,2213929,40,252468,10
Carlos Daly,2018-12-30 00:00:00.0000000,2018-11-20 00:00:00.0000000,366727,9,40,4,2,2,8,422,4001578,35,366727,4
Carlos Meador,2018-12-30 00:00:00.0000000,2017-01-22 00:00:00.0000000,533784,4,707,1,1,2,4,112,-567707,18,533784,8
Carlos Soltero,2018-12-30 00:00:00.0000000,2018-12-05 00:00:00.0000000,2625787,22,25,5,5,5,15,555,-1813115,68,2625787,58
Carol Adams,2018-12-30 00:00:00.0000000,2018-09-25 00:00:00.0000000,4047211,10,96,3,2,5,10,325,1849006,29,4047211,40
Carol Darley,2018-12-30 00:00:00.0000000,2018-11-06 00:00:00.0000000,352702,6,54,3,1,2,6,312,-1698991,22,352702,26
Carol Triggs,2018-12-30 00:00:00.0000000,2018-09-25 00:00:00.0000000,1608110,18,96,3,5,4,12,354,1584516,60,1608110,29
Caroline Jumper,2018-12-30 00:00:00.0000000,2018-06-24 00:00:00.0000000,4659540,20,189,2,5,5,12,255,8828380,83,4659540,107
Cassandra Brandow,2018-12-30 00:00:00.0000000,2018-11-13 00:00:00.0000000,2859620,26,47,4,5,5,14,455,1003876,122,2859620,56
Catherine Glotzbach,2018-12-30 00:00:00.0000000,2018-11-11 00:00:00.0000000,790645,9,49,4,2,3,9,423,789101,37,790645,17
Cathy Armstrong,2018-12-30 00:00:00.0000000,2017-11-24 00:00:00.0000000,1020042,10,401,1,3,3,7,133,1477141,49,1020042,30
Cathy Hwang,2018-12-30 00:00:00.0000000,2017-02-08 00:00:00.0000000,1240335,4,690,1,1,4,6,114,1276736,13,1240335,6
Cathy Prescott,2018-12-30 00:00:00.0000000,2018-10-09 00:00:00.0000000,954958,14,82,3,4,3,10,343,1710316,57,954958,20
Chad Cunningham,2018-12-30 00:00:00.0000000,2017-09-29 00:00:00.0000000,1060134,13,457,1,3,3,7,133,1636470,46,1060134,28
Chad McGuire,2018-12-30 00:00:00.0000000,2018-12-22 00:00:00.0000000,166161,7,8,5,2,1,8,521,2808314,35,166161,2
Chad Sievert,2018-12-30 00:00:00.0000000,2017-08-28 00:00:00.0000000,484320,7,489,1,1,2,4,112,1268986,28,484320,8
Charles Crestani,2018-12-30 00:00:00.0000000,2018-09-15 00:00:00.0000000,2054311,11,106,2,3,5,10,235,3427105,31,2054311,9
Charles McCrossin,2018-12-30 00:00:00.0000000,2018-12-04 00:00:00.0000000,620940,7,26,5,2,2,9,522,-1021638,23,620940,17
Charles Sheldon,2018-12-30 00:00:00.0000000,2018-05-12 00:00:00.0000000,100968,8,232,1,2,1,4,121,182652,30,100968,13
Charlotte Melton,2018-12-30 00:00:00.0000000,2018-12-22 00:00:00.0000000,322766,7,8,5,2,2,9,522,745893,21,322766,5
Chloris Kastensmidt,2018-12-30 00:00:00.0000000,2018-11-21 00:00:00.0000000,2405776,32,39,4,5,5,14,455,624539,122,2405776,75
Chris Cortes,2018-12-30 00:00:00.0000000,2018-12-10 00:00:00.0000000,1536392,22,20,5,5,4,14,554,2226063,81,1536392,26
Chris McAfee,2018-12-30 00:00:00.0000000,2017-12-10 00:00:00.0000000,1526348,8,385,1,2,4,7,124,1661504,28,1526348,6
Chris Selesnick,2018-12-30 00:00:00.0000000,2018-12-04 00:00:00.0000000,536553,28,26,4,5,2,11,452,3627260,97,536553,16
Christina Anderson,2018-12-30 00:00:00.0000000,2018-11-04 00:00:00.0000000,3731502,17,56,3,4,5,12,345,2568474,65,3731502,61
Christina DeMoss,2018-12-30 00:00:00.0000000,2018-11-18 00:00:00.0000000,377863,13,42,4,3,2,9,432,2562474,39,377863,11
Christina VanderZanden,2018-12-30 00:00:00.0000000,2018-04-20 00:00:00.0000000,1115624,13,254,1,3,3,7,133,3645175,54,1115624,10
Christine Abelman,2018-12-30 00:00:00.0000000,2018-12-17 00:00:00.0000000,212597,11,13,5,3,1,9,531,2288894,25,212597,13
Christine Kargatis,2018-12-30 00:00:00.0000000,2018-09-01 00:00:00.0000000,429497,12,120,2,3,2,7,232,234409,46,429497,22
Christine Phan,2018-12-30 00:00:00.0000000,2018-07-23 00:00:00.0000000,4913485,15,160,2,4,5,11,245,-18609274,59,4913485,32
Christine Sundaresam,2018-12-30 00:00:00.0000000,2018-12-24 00:00:00.0000000,1295926,22,6,5,5,4,14,554,3372996,74,1295926,18
Christopher Conant,2018-12-30 00:00:00.0000000,2018-11-17 00:00:00.0000000,9361086,11,43,4,3,5,12,435,21566004,34,9361086,31
Christopher Martinez,2018-12-30 00:00:00.0000000,2018-11-23 00:00:00.0000000,2921410,10,37,4,2,5,11,425,10298876,34,2921410,12
Christopher Schild,2018-12-30 00:00:00.0000000,2018-12-28 00:00:00.0000000,8447918,14,2,5,4,5,14,545,-1572134,47,8447918,111
Christy Brittain,2018-12-30 00:00:00.0000000,2018-12-04 00:00:00.0000000,1605193,12,26,5,3,4,12,534,1434957,44,1605193,40
Chuck Clark,2018-12-30 00:00:00.0000000,2018-12-30 00:00:00.0000000,1162147,19,0,5,5,4,14,554,2916797,63,1162147,11
Chuck Magee,2018-12-30 00:00:00.0000000,2017-10-20 00:00:00.0000000,140498,9,436,1,2,1,4,121,228388,32,140498,7
Chuck Sachs,2018-12-30 00:00:00.0000000,2018-12-03 00:00:00.0000000,68226,6,27,4,1,1,6,411,1284637,13,68226,4
Cindy Chapman,2018-12-30 00:00:00.0000000,2018-11-21 00:00:00.0000000,193725,13,39,4,3,1,8,431,1288338,40,193725,21
Cindy Schnelling,2018-12-30 00:00:00.0000000,2017-11-01 00:00:00.0000000,6125414,9,424,1,2,5,8,125,-3028761,33,6125414,63
Cindy Stewart,2018-12-30 00:00:00.0000000,2018-11-02 00:00:00.0000000,5076489,9,58,3,2,5,10,325,-6645708,40,5076489,18
Claire Gute,2018-12-30 00:00:00.0000000,2018-01-26 00:00:00.0000000,237926,5,338,1,1,1,3,111,-293238,14,237926,10
Claudia Bergmann,2018-12-30 00:00:00.0000000,2018-06-16 00:00:00.0000000,6231284,19,197,2,5,5,12,255,9842435,74,6231284,23
Clay Cheatham,2018-12-30 00:00:00.0000000,2018-12-03 00:00:00.0000000,73008,4,27,4,1,1,6,411,338706,14,73008,6
Clay Ludtke,2018-12-30 00:00:00.0000000,2018-03-21 00:00:00.0000000,2733152,28,284,1,5,5,11,155,9108026,106,2733152,32
Clay Rozendal,2018-12-30 00:00:00.0000000,2018-11-03 00:00:00.0000000,1946262,6,57,3,1,4,8,314,-194543,32,1946262,8
Clytie Kelty,2018-12-30 00:00:00.0000000,2018-11-17 00:00:00.0000000,555569,25,43,4,5,2,11,452,1707722,108,555569,46
Corey Catlett,2018-12-30 00:00:00.0000000,2018-11-26 00:00:00.0000000,909822,12,34,4,3,3,10,433,717678,39,909822,33
Corey Roper,2018-12-30 00:00:00.0000000,2017-09-16 00:00:00.0000000,21562,4,470,1,1,1,3,111,418777,14,21562,0
Corey-Lock,2018-12-30 00:00:00.0000000,2017-06-29 00:00:00.0000000,99683,8,549,1,2,1,4,121,51559,30,99683,14
Corinna Mitchell,2018-12-30 00:00:00.0000000,2018-12-03 00:00:00.0000000,5577020,10,27,4,2,5,11,425,15575059,42,5577020,36
Craig Carreira,2018-12-30 00:00:00.0000000,2018-12-01 00:00:00.0000000,10045850,14,29,4,4,5,13,445,1488294,47,10045850,37
Craig Carroll,2018-12-30 00:00:00.0000000,2016-10-23 00:00:00.0000000,1528028,12,798,1,3,4,8,134,3264437,51,1528028,30
Craig Leslie,2018-12-30 00:00:00.0000000,2018-09-16 00:00:00.0000000,710321,8,105,2,2,3,7,223,1710562,34,710321,15
Craig Molinari,2018-12-30 00:00:00.0000000,2016-03-01 00:00:00.0000000,14798847,13,1034,1,3,5,9,135,1891322,57,14798847,69
Craig Reiter,2018-12-30 00:00:00.0000000,2018-10-13 00:00:00.0000000,683891,6,78,3,1,3,7,313,713399,18,683891,16
Craig Yedwab,2018-12-30 00:00:00.0000000,2018-10-31 00:00:00.0000000,1820998,11,60,3,3,4,10,334,-483730,43,1820998,22
Cyma Kinney,2018-12-30 00:00:00.0000000,2018-10-09 00:00:00.0000000,519776,14,82,3,4,2,9,342,-212477,64,519776,21
Cynthia Arntzen,2018-12-30 00:00:00.0000000,2018-09-01 00:00:00.0000000,1836484,17,120,2,4,4,10,244,328847,72,1836484,32
Cynthia Delaney,2018-12-30 00:00:00.0000000,2017-11-26 00:00:00.0000000,748656,15,399,1,4,3,8,143,3374807,49,748656,4
Cynthia Voltz,2018-12-30 00:00:00.0000000,2018-12-25 00:00:00.0000000,4035688,19,5,5,5,5,15,555,-410533,62,4035688,75
Cyra Reiten,2018-12-30 00:00:00.0000000,2018-10-06 00:00:00.0000000,1416047,7,85,3,1,4,8,314,270815,26,1416047,38
Damala Kotsonis,2018-12-30 00:00:00.0000000,2018-12-09 00:00:00.0000000,607438,27,21,5,5,2,12,552,6177936,86,607438,48
Dan Campbell,2018-12-30 00:00:00.0000000,2018-11-23 00:00:00.0000000,3009603,18,37,4,5,5,14,455,-12091388,64,3009603,38
Dan Lawera,2018-12-30 00:00:00.0000000,2018-09-21 00:00:00.0000000,1246396,14,100,3,4,4,11,344,2277413,51,1246396,21
Dan Reichenbach,2018-12-30 00:00:00.0000000,2018-12-27 00:00:00.0000000,3614005,24,3,5,5,5,15,555,10764975,103,3614005,32
Dana Kaydos,2018-12-30 00:00:00.0000000,2018-11-15 00:00:00.0000000,1361028,15,45,4,4,4,12,444,7585892,65,1361028,12
Daniel Byrd,2018-12-30 00:00:00.0000000,2018-12-09 00:00:00.0000000,1191013,12,21,5,3,4,12,534,4326798,47,1191013,32
Daniel Lacy,2018-12-30 00:00:00.0000000,2018-11-03 00:00:00.0000000,304090,14,57,3,4,2,9,342,-867201,43,304090,5
Daniel Raglin,2018-12-30 00:00:00.0000000,2018-11-10 00:00:00.0000000,1642889,13,50,4,3,4,11,434,30708317,57,1642889,20
Dario Medina,2018-12-30 00:00:00.0000000,2018-09-07 00:00:00.0000000,1123755,9,114,2,2,3,7,223,1083047,28,1123755,15
Darren Budd,2018-12-30 00:00:00.0000000,2018-05-03 00:00:00.0000000,2695670,14,241,1,4,5,10,145,1968614,43,2695670,52
Darren Koutras,2018-12-30 00:00:00.0000000,2018-12-23 00:00:00.0000000,358559,8,7,5,2,2,9,522,485523,32,358559,13
Darren Powers,2018-12-30 00:00:00.0000000,2018-08-26 00:00:00.0000000,366249,17,126,2,4,2,8,242,3074107,58,366249,36
Darrin Martin,2018-12-30 00:00:00.0000000,2018-11-03 00:00:00.0000000,2086816,20,57,3,5,5,13,355,14934169,87,2086816,46
Darrin Sayre,2018-12-30 00:00:00.0000000,2018-09-28 00:00:00.0000000,890635,19,93,3,5,3,11,353,1414910,54,890635,40
Darrin Van Huff,2018-12-30 00:00:00.0000000,2018-12-11 00:00:00.0000000,1066374,9,19,5,2,3,10,523,-89075,28,1066374,56
Dave Brooks,2018-12-30 00:00:00.0000000,2018-12-14 00:00:00.0000000,1655318,13,16,5,3,4,12,534,1915171,48,1655318,24
Dave Hallsten,2018-12-30 00:00:00.0000000,2018-03-28 00:00:00.0000000,1646261,23,277,1,5,4,10,154,8668739,81,1646261,18
Dave Kipp,2018-12-30 00:00:00.0000000,2018-11-18 00:00:00.0000000,1731225,13,42,4,3,4,11,434,4937929,33,1731225,18
Dave Poirier,2018-12-30 00:00:00.0000000,2018-12-24 00:00:00.0000000,1967925,14,6,5,4,4,13,544,4734713,63,1967925,16
David Bremer,2018-12-30 00:00:00.0000000,2018-11-12 00:00:00.0000000,563452,14,48,4,4,2,10,442,675193,59,563452,20
David Flashing,2018-12-30 00:00:00.0000000,2017-01-30 00:00:00.0000000,1566314,6,699,1,1,4,6,114,2252917,23,1566314,17
David Kendrick,2018-12-30 00:00:00.0000000,2018-12-20 00:00:00.0000000,490113,5,10,5,1,2,8,512,1265088,20,490113,6
David Philippe,2018-12-30 00:00:00.0000000,2016-10-10 00:00:00.0000000,113076,4,811,1,1,1,3,111,533545,20,113076,6
David Smith,2018-12-30 00:00:00.0000000,2018-12-07 00:00:00.0000000,3713897,20,23,5,5,5,15,555,-6461,68,3713897,73
David Wiener,2018-12-30 00:00:00.0000000,2018-10-22 00:00:00.0000000,398758,9,69,3,2,2,7,322,386942,39,398758,22
Dean Braden,2018-12-30 00:00:00.0000000,2018-12-21 00:00:00.0000000,1549820,21,9,5,5,4,14,554,1239005,75,1549820,39
Dean Katz,2018-12-30 00:00:00.0000000,2018-12-20 00:00:00.0000000,1719840,19,10,5,5,4,14,554,4664687,70,1719840,37
Dean percer,2018-12-30 00:00:00.0000000,2018-10-07 00:00:00.0000000,3834534,29,84,3,5,5,13,355,-7620972,99,3834534,54
Deanra Eno,2018-12-30 00:00:00.0000000,2017-01-11 00:00:00.0000000,216886,9,718,1,2,1,4,121,783642,38,216886,10
Deborah Brumfield,2018-12-30 00:00:00.0000000,2018-11-07 00:00:00.0000000,1493450,13,53,3,3,4,10,334,1415904,52,1493450,27
Debra Catini,2018-12-30 00:00:00.0000000,2018-12-07 00:00:00.0000000,922096,7,23,5,2,3,10,523,752089,37,922096,19
Deirdre Greer,2018-12-30 00:00:00.0000000,2018-11-28 00:00:00.0000000,1249901,8,32,4,2,4,10,424,5281999,39,1249901,8
Delfina Latchford,2018-12-30 00:00:00.0000000,2018-12-08 00:00:00.0000000,467673,17,22,5,4,2,11,542,1730351,74,467673,31
Denise Leinenbach,2018-12-30 00:00:00.0000000,2018-11-03 00:00:00.0000000,71759,8,57,3,2,1,6,321,1932494,32,71759,4
Denise Monton,2018-12-30 00:00:00.0000000,2018-12-08 00:00:00.0000000,996859,13,22,5,3,3,11,533,12778998,41,996859,13
Dennis Bolton,2018-12-30 00:00:00.0000000,2018-04-10 00:00:00.0000000,584144,6,264,1,1,2,4,112,2737339,28,584144,5
Dennis Kane,2018-12-30 00:00:00.0000000,2018-12-11 00:00:00.0000000,635064,23,19,5,5,2,12,552,2082255,77,635064,25
Dennis Pardue,2018-12-30 00:00:00.0000000,2018-01-06 00:00:00.0000000,5001375,14,358,1,4,5,10,145,16886851,50,5001375,26
Denny Blanton,2018-12-30 00:00:00.0000000,2018-06-26 00:00:00.0000000,235314,14,187,2,4,1,7,241,3205016,62,235314,4
Denny Joy,2018-12-30 00:00:00.0000000,2017-04-02 00:00:00.0000000,70311,5,637,1,1,1,3,111,1425884,20,70311,0
Denny Ordway,2018-12-30 00:00:00.0000000,2018-08-19 00:00:00.0000000,4130482,13,133,2,3,5,10,235,-1188673,48,4130482,61
Dianna Arnett,2018-12-30 00:00:00.0000000,2018-01-12 00:00:00.0000000,72484,8,352,1,2,1,4,121,562990,27,72484,10
Dianna Vittorini,2018-12-30 00:00:00.0000000,2018-12-01 00:00:00.0000000,1493662,15,29,4,4,4,12,444,2707331,62,1493662,17
Dianna Wilson,2018-12-30 00:00:00.0000000,2018-05-27 00:00:00.0000000,1317658,11,217,2,3,4,9,234,12608445,38,1317658,4
Dionis Lloyd,2018-12-30 00:00:00.0000000,2018-10-15 00:00:00.0000000,1868166,12,76,3,3,4,10,334,396375,33,1868166,6
Don Jones,2018-12-30 00:00:00.0000000,2018-11-12 00:00:00.0000000,1866612,13,48,4,3,4,11,434,1761934,52,1866612,9
Don Miller,2018-12-30 00:00:00.0000000,2017-09-05 00:00:00.0000000,346040,10,481,1,3,2,6,132,1915347,33,346040,17
Don Weiss,2018-12-30 00:00:00.0000000,2018-09-23 00:00:00.0000000,122392,9,98,3,2,1,6,321,665181,21,122392,16
Dorothy Badders,2018-12-30 00:00:00.0000000,2018-09-14 00:00:00.0000000,7489325,14,107,2,4,5,11,245,1574932,61,7489325,50
Dorothy Dickinson,2018-12-30 00:00:00.0000000,2018-11-19 00:00:00.0000000,143821,9,41,4,2,1,7,421,34296,33,143821,22
Dorothy Wardle,2018-12-30 00:00:00.0000000,2018-05-02 00:00:00.0000000,400416,10,242,1,2,2,5,122,-3007870,44,400416,17
Dorris liebe,2018-12-30 00:00:00.0000000,2018-09-02 00:00:00.0000000,679462,6,119,2,1,3,6,213,190564,19,679462,13
Doug Bickford,2018-12-30 00:00:00.0000000,2018-11-27 00:00:00.0000000,1234157,11,33,4,3,4,11,434,4591907,41,1234157,16
Doug Jacobs,2018-12-30 00:00:00.0000000,2018-12-18 00:00:00.0000000,1657810,8,12,5,2,4,11,524,2377029,43,1657810,5
Doug O'Connell,2018-12-30 00:00:00.0000000,2018-12-04 00:00:00.0000000,540890,11,26,5,3,2,10,532,1658743,36,540890,10
Duane Benoit,2018-12-30 00:00:00.0000000,2018-12-18 00:00:00.0000000,807307,10,12,5,2,3,10,523,1433844,33,807307,16
Duane Huffman,2018-12-30 00:00:00.0000000,2016-11-15 00:00:00.0000000,831911,11,775,1,3,3,7,133,866682,41,831911,27
Duane Noonan,2018-12-30 00:00:00.0000000,2018-05-27 00:00:00.0000000,169681,11,217,2,3,1,6,231,3268310,41,169681,2
Ed Braxton,2018-12-30 00:00:00.0000000,2018-11-12 00:00:00.0000000,3610508,12,48,4,3,5,12,435,-569232,55,3610508,31
Ed Jacobs,2018-12-30 00:00:00.0000000,2018-03-03 00:00:00.0000000,800708,8,302,1,2,3,6,123,4035011,31,800708,14
Ed Ludwig,2018-12-30 00:00:00.0000000,2018-10-14 00:00:00.0000000,12428,2,77,3,1,1,5,311,193196,9,12428,0
Edward Becker,2018-12-30 00:00:00.0000000,2018-11-25 00:00:00.0000000,2049043,20,35,4,5,5,14,455,1281126,91,2049043,29
Edward Hooks,2018-12-30 00:00:00.0000000,2018-08-17 00:00:00.0000000,1705080,32,135,2,5,4,11,254,6112705,120,1705080,23
Edward Nazzal,2018-12-30 00:00:00.0000000,2018-03-18 00:00:00.0000000,356958,9,287,1,2,2,5,122,4592014,27,356958,4
Eileen Kiefer,2018-12-30 00:00:00.0000000,2018-11-16 00:00:00.0000000,148220,4,44,4,1,1,6,411,88328,18,148220,17
Eleni McCrary,2018-12-30 00:00:00.0000000,2018-08-20 00:00:00.0000000,2354025,7,132,2,1,5,8,215,-1478846,23,2354025,10
Elizabeth Moffitt,2018-12-30 00:00:00.0000000,2018-11-05 00:00:00.0000000,675840,16,55,3,4,3,10,343,4885394,57,675840,10
Ellis Ballard,2018-12-30 00:00:00.0000000,2018-10-01 00:00:00.0000000,999814,8,90,3,2,3,8,323,6506827,41,999814,10
Elpida Rittenbach,2018-12-30 00:00:00.0000000,2017-11-04 00:00:00.0000000,308159,5,421,1,1,2,4,112,273503,27,308159,10
Emily Burns,2018-12-30 00:00:00.0000000,2018-09-21 00:00:00.0000000,1785796,11,100,3,3,4,10,334,2812856,41,1785796,32
Emily Ducich,2018-12-30 00:00:00.0000000,2018-08-17 00:00:00.0000000,2783487,14,135,2,4,5,11,245,4576781,54,2783487,30
Emily Grady,2018-12-30 00:00:00.0000000,2018-12-08 00:00:00.0000000,1237156,9,22,5,2,4,11,524,168765,44,1237156,18
Emily Phan,2018-12-30 00:00:00.0000000,2018-12-18 00:00:00.0000000,11809730,31,12,5,5,5,15,555,2292950,124,11809730,90
Eric Barreto,2018-12-30 00:00:00.0000000,2018-07-22 00:00:00.0000000,584672,7,161,2,1,2,5,212,131286,24,584672,12
Eric Hoffmann,2018-12-30 00:00:00.0000000,2018-05-27 00:00:00.0000000,345348,17,217,2,4,2,8,242,205512,72,345348,50
Eric Murdock,2018-12-30 00:00:00.0000000,2018-08-01 00:00:00.0000000,191348,6,151,2,1,1,4,211,567164,18,191348,14
Erica Bern,2018-12-30 00:00:00.0000000,2018-12-30 00:00:00.0000000,1063043,6,0,5,1,3,9,513,517569,18,1063043,17
Erica Hackney,2018-12-30 00:00:00.0000000,2017-11-20 00:00:00.0000000,621902,8,405,1,2,2,5,122,398064,20,621902,5
Erica Hernandez,2018-12-30 00:00:00.0000000,2018-12-28 00:00:00.0000000,628356,11,2,5,3,2,10,532,1810000,50,628356,19
Erica Smith,2018-12-30 00:00:00.0000000,2018-11-20 00:00:00.0000000,3265973,8,40,4,2,5,11,425,1032080,31,3265973,10
Erin Ashbrook,2018-12-30 00:00:00.0000000,2018-07-31 00:00:00.0000000,1152014,25,152,2,5,4,11,254,-1120938,87,1152014,75
Erin Creighton,2018-12-30 00:00:00.0000000,2018-11-07 00:00:00.0000000,51127,7,53,3,1,1,5,311,491396,37,51127,7
Erin Mull,2018-12-30 00:00:00.0000000,2018-11-13 00:00:00.0000000,69555,6,47,4,1,1,6,411,339500,22,69555,15
Erin Smith,2018-12-30 00:00:00.0000000,2018-12-02 00:00:00.0000000,1059877,20,28,4,5,3,12,453,874624,77,1059877,52
Eudokia Martin,2018-12-30 00:00:00.0000000,2018-09-08 00:00:00.0000000,442461,10,113,2,2,2,6,222,913870,34,442461,10
Eugene Barchas,2018-12-30 00:00:00.0000000,2018-09-08 00:00:00.0000000,2261540,11,113,2,3,5,10,235,1512514,30,2261540,23
Eugene Hildebrand,2018-12-30 00:00:00.0000000,2018-07-31 00:00:00.0000000,2173473,18,152,2,5,5,12,255,1131461,76,2173473,37
Eugene Moren,2018-12-30 00:00:00.0000000,2018-11-12 00:00:00.0000000,1207874,21,48,4,5,4,13,454,4508133,74,1207874,14
Eva Jacobs,2018-12-30 00:00:00.0000000,2018-11-03 00:00:00.0000000,1116980,8,57,3,2,3,8,323,3033251,31,1116980,5
Evan Bailliet,2018-12-30 00:00:00.0000000,2018-10-09 00:00:00.0000000,142191,7,82,3,1,1,5,311,1673895,20,142191,16
Evan Henry,2018-12-30 00:00:00.0000000,2018-09-16 00:00:00.0000000,761047,8,105,2,2,3,7,223,282365,22,761047,23
Evan Minnotte,2018-12-30 00:00:00.0000000,2018-07-25 00:00:00.0000000,315513,4,158,2,1,2,5,212,205877,13,315513,5
Filia McAdams,2018-12-30 00:00:00.0000000,2018-12-23 00:00:00.0000000,419560,15,7,5,4,2,11,542,2681587,48,419560,14
Frank Atkinson,2018-12-30 00:00:00.0000000,2018-09-24 00:00:00.0000000,1249754,17,97,3,4,4,11,344,855214,58,1249754,44
Frank Carlisle,2018-12-30 00:00:00.0000000,2018-10-21 00:00:00.0000000,822836,14,70,3,4,3,10,343,11981213,50,822836,19
Frank Gastineau,2018-12-30 00:00:00.0000000,2018-11-26 00:00:00.0000000,571605,11,34,4,3,2,9,432,3539535,48,571605,13
Frank Hawley,2018-12-30 00:00:00.0000000,2018-11-23 00:00:00.0000000,2462329,21,37,4,5,5,14,455,8679578,65,2462329,27
Frank Merwin,2018-12-30 00:00:00.0000000,2018-11-24 00:00:00.0000000,409600,20,36,4,5,2,11,452,752046,79,409600,36
Frank Olsen,2018-12-30 00:00:00.0000000,2018-11-22 00:00:00.0000000,1083872,15,38,4,4,3,11,443,282709,60,1083872,33
Frank Preis,2018-12-30 00:00:00.0000000,2018-12-07 00:00:00.0000000,3329338,14,23,5,4,5,14,545,1901620,54,3329338,19
Fred Chung,2018-12-30 00:00:00.0000000,2018-06-29 00:00:00.0000000,1483288,10,184,2,3,4,9,234,622372,37,1483288,16
Fred Harton,2018-12-30 00:00:00.0000000,2018-06-01 00:00:00.0000000,401021,14,212,2,4,2,8,242,5420876,52,401021,15
Fred Hopkins,2018-12-30 00:00:00.0000000,2018-12-25 00:00:00.0000000,923662,13,5,5,4,3,12,543,17872540,52,923662,18
Fred McMath,2018-12-30 00:00:00.0000000,2018-08-07 00:00:00.0000000,1188719,14,145,2,4,4,10,244,1981327,53,1188719,22
Fred Wasserman,2018-12-30 00:00:00.0000000,2018-01-02 00:00:00.0000000,4051,3,362,1,1,1,3,111,125041,9,4051,0
Gary Hansen,2018-12-30 00:00:00.0000000,2018-10-16 00:00:00.0000000,2371276,17,75,3,4,5,12,345,-3300148,65,2371276,46
Gary Hwang,2018-12-30 00:00:00.0000000,2018-11-10 00:00:00.0000000,4030970,10,50,4,2,5,11,425,11001665,51,4030970,19
Gary McGarr,2018-12-30 00:00:00.0000000,2018-10-08 00:00:00.0000000,942148,11,83,3,3,3,9,333,1554526,43,942148,13
Gary Mitchum,2018-12-30 00:00:00.0000000,2018-12-14 00:00:00.0000000,1481142,12,16,5,3,4,12,534,2992228,54,1481142,20
Gary Zandusky,2018-12-30 00:00:00.0000000,2018-12-23 00:00:00.0000000,502817,14,7,5,4,2,11,542,3930511,48,502817,11
Gene Hale,2018-12-30 00:00:00.0000000,2017-12-08 00:00:00.0000000,1123914,3,387,1,1,3,5,113,377169,15,1123914,14
Gene McClure,2018-12-30 00:00:00.0000000,2018-09-15 00:00:00.0000000,370046,13,106,2,3,2,7,232,3429008,53,370046,15
George Ashbrook,2018-12-30 00:00:00.0000000,2018-08-03 00:00:00.0000000,1158918,14,149,2,4,4,10,244,7224842,48,1158918,9
George Bell,2018-12-30 00:00:00.0000000,2018-10-29 00:00:00.0000000,523234,20,62,3,5,2,10,352,376568,62,523234,34
George Zrebassa,2018-12-30 00:00:00.0000000,2018-07-26 00:00:00.0000000,570256,5,157,2,1,2,5,212,1308118,25,570256,2
Georgia Rosenberg,2018-12-30 00:00:00.0000000,2015-11-21 00:00:00.0000000,126413,5,1135,1,1,1,3,111,3490440,23,126413,0
Giulietta Baptist,2018-12-30 00:00:00.0000000,2018-12-17 00:00:00.0000000,555039,16,13,5,4,2,11,542,3835653,63,555039,6
Giulietta Dortch,2018-12-30 00:00:00.0000000,2018-12-25 00:00:00.0000000,756977,6,5,5,1,3,9,513,-1030392,25,756977,8
Giulietta Weimer,2018-12-30 00:00:00.0000000,2018-12-02 00:00:00.0000000,1325856,9,28,4,2,4,10,424,-3088254,43,1325856,14
Grace Kelly,2018-12-30 00:00:00.0000000,2018-09-09 00:00:00.0000000,4000913,14,112,2,4,5,11,245,12651271,66,4000913,22
Grant Thornton,2018-12-30 00:00:00.0000000,2018-11-04 00:00:00.0000000,1985108,6,56,3,1,4,8,314,-41218448,26,1985108,15
Greg Guthrie,2018-12-30 00:00:00.0000000,2018-11-17 00:00:00.0000000,1244674,24,43,4,5,4,13,454,-309884,92,1244674,36
Greg Hansen,2018-12-30 00:00:00.0000000,2018-12-28 00:00:00.0000000,819788,3,2,5,1,3,9,513,18641,9,819788,36
Greg Matthias,2018-12-30 00:00:00.0000000,2018-07-31 00:00:00.0000000,960248,11,152,2,3,3,8,233,-998906,31,960248,16
Greg Maxwell,2018-12-30 00:00:00.0000000,2018-09-04 00:00:00.0000000,2039899,11,117,2,3,5,10,235,995434,44,2039899,6
Greg Tran,2018-12-30 00:00:00.0000000,2018-11-24 00:00:00.0000000,3880500,29,36,4,5,5,14,455,21126021,106,3880500,29
Guy Armstrong,2018-12-30 00:00:00.0000000,2018-12-25 00:00:00.0000000,484783,22,5,5,5,2,12,552,1273083,79,484783,53
Guy Phonely,2018-12-30 00:00:00.0000000,2016-11-26 00:00:00.0000000,14212,5,764,1,1,1,3,111,112996,21,14212,7
Guy Thornton,2018-12-30 00:00:00.0000000,2018-11-26 00:00:00.0000000,132926,7,34,4,2,1,7,421,-145956,23,132926,14
Hallie Redmond,2018-12-30 00:00:00.0000000,2018-12-17 00:00:00.0000000,264036,13,13,5,3,2,10,532,543216,38,264036,6
Harold Dahlen,2018-12-30 00:00:00.0000000,2016-11-22 00:00:00.0000000,64556,7,768,1,1,1,3,111,213459,31,64556,21
Harold Engle,2018-12-30 00:00:00.0000000,2018-12-18 00:00:00.0000000,215237,11,12,5,3,1,9,531,1675089,44,215237,2
Harold Pawlan,2018-12-30 00:00:00.0000000,2018-11-30 00:00:00.0000000,368577,10,30,4,2,2,8,422,1077598,44,368577,30
Harold Ryan,2018-12-30 00:00:00.0000000,2018-07-24 00:00:00.0000000,1145669,14,159,2,4,3,9,243,3514742,51,1145669,14
Harry Greene,2018-12-30 00:00:00.0000000,2018-11-06 00:00:00.0000000,672876,10,54,3,2,3,8,323,364616,31,672876,19
Harry Marie,2018-12-30 00:00:00.0000000,2018-12-28 00:00:00.0000000,10803077,20,2,5,5,5,15,555,23734672,76,10803077,75
Heather Jas,2018-12-30 00:00:00.0000000,2018-08-26 00:00:00.0000000,108683,6,126,2,1,1,4,211,445801,21,108683,6
Heather Kirkland,2018-12-30 00:00:00.0000000,2018-08-01 00:00:00.0000000,1055187,15,151,2,4,3,9,243,8686290,64,1055187,32
Helen Abelman,2018-12-30 00:00:00.0000000,2018-10-22 00:00:00.0000000,1309713,10,69,3,2,4,9,324,2513769,45,1309713,23
Helen Andreada,2018-12-30 00:00:00.0000000,2018-12-10 00:00:00.0000000,1456116,18,20,5,5,4,14,554,1900877,72,1456116,36
Helen Wasserman,2018-12-30 00:00:00.0000000,2018-09-04 00:00:00.0000000,1579379,20,117,2,5,4,11,254,10005889,85,1579379,9
Henia Zydlo,2018-12-30 00:00:00.0000000,2018-11-25 00:00:00.0000000,197192,6,35,4,1,1,6,411,-605578,21,197192,12
Henry Goldwyn,2018-12-30 00:00:00.0000000,2018-12-07 00:00:00.0000000,481915,17,23,5,4,2,11,542,-28583912,68,481915,29
Henry MacAllister,2018-12-30 00:00:00.0000000,2018-04-27 00:00:00.0000000,157090,7,247,1,1,1,3,111,703612,29,157090,12
Herbert Flentye,2018-12-30 00:00:00.0000000,2018-12-09 00:00:00.0000000,1476105,19,21,5,5,4,14,554,609222,70,1476105,79
Hilary Holden,2018-12-30 00:00:00.0000000,2018-10-19 00:00:00.0000000,40963,6,72,3,1,1,5,311,717654,20,40963,2
Hunter Glantz,2018-12-30 00:00:00.0000000,2018-12-24 00:00:00.0000000,721454,11,6,5,3,3,11,533,7351421,38,721454,19
Hunter Lopez,2018-12-30 00:00:00.0000000,2018-11-17 00:00:00.0000000,1297939,11,43,4,3,4,11,434,56109650,50,1297939,2
Ionia McGrath,2018-12-30 00:00:00.0000000,2017-11-16 00:00:00.0000000,287263,4,409,1,1,2,4,112,9732429,19,287263,4
Irene Maddox,2018-12-30 00:00:00.0000000,2017-12-05 00:00:00.0000000,1046056,21,390,1,5,3,9,153,7062339,93,1046056,35
Ivan Gibson,2018-12-30 00:00:00.0000000,2018-10-20 00:00:00.0000000,75667,7,71,3,1,1,5,311,2323972,19,75667,2
Ivan Liston,2018-12-30 00:00:00.0000000,2018-08-10 00:00:00.0000000,645703,14,142,2,4,2,8,242,7919916,60,645703,10
Jack Garza,2018-12-30 00:00:00.0000000,2016-12-03 00:00:00.0000000,652330,7,757,1,1,3,5,113,7493592,20,652330,17
Jack Lebron,2018-12-30 00:00:00.0000000,2018-12-22 00:00:00.0000000,1088416,12,8,5,3,3,11,533,-2272923,42,1088416,32
Jack O'Briant,2018-12-30 00:00:00.0000000,2018-11-03 00:00:00.0000000,1261044,13,57,3,3,4,10,334,5046624,59,1261044,23
James Galang,2018-12-30 00:00:00.0000000,2018-12-29 00:00:00.0000000,2280527,18,1,5,4,5,14,545,7550385,70,2280527,20
James Lanier,2018-12-30 00:00:00.0000000,2018-12-24 00:00:00.0000000,1442355,7,6,5,2,4,11,524,435962,29,1442355,15
Jamie Frazer,2018-12-30 00:00:00.0000000,2018-10-26 00:00:00.0000000,964506,19,65,3,5,3,11,353,4372090,72,964506,23
Jamie Kunitz,2018-12-30 00:00:00.0000000,2018-10-30 00:00:00.0000000,709341,13,61,3,3,3,9,333,1959837,67,709341,17
Jane Waco,2018-12-30 00:00:00.0000000,2018-11-18 00:00:00.0000000,2330453,14,42,4,4,5,13,445,3372216,66,2330453,10
Janet Lee,2018-12-30 00:00:00.0000000,2018-09-02 00:00:00.0000000,1716494,10,119,2,2,4,8,224,1939562,39,1716494,22
Janet Martin,2018-12-30 00:00:00.0000000,2018-11-23 00:00:00.0000000,1343759,19,37,4,5,4,13,454,-2095127,91,1343759,55
Janet Molinari,2018-12-30 00:00:00.0000000,2018-11-23 00:00:00.0000000,333960,13,37,4,3,2,9,432,4763235,52,333960,18
Jas O'Carroll,2018-12-30 00:00:00.0000000,2018-09-29 00:00:00.0000000,635194,11,92,3,3,2,8,332,257677,36,635194,19
Jason Fortune-,2018-12-30 00:00:00.0000000,2018-05-19 00:00:00.0000000,518210,14,225,1,4,2,7,142,862379,42,518210,16
Jason Gross,2018-12-30 00:00:00.0000000,2018-12-28 00:00:00.0000000,757911,11,2,5,3,3,11,533,194729,46,757911,28
Jason Klamczynski,2018-12-30 00:00:00.0000000,2018-03-18 00:00:00.0000000,39850,4,287,1,1,1,3,111,437645,15,39850,4
Jasper Cacioppo,2018-12-30 00:00:00.0000000,2018-09-07 00:00:00.0000000,19261,4,114,2,1,1,4,211,-25129,12,19261,9
Jay Fein,2018-12-30 00:00:00.0000000,2018-09-16 00:00:00.0000000,1402642,16,105,2,4,4,10,244,2293072,58,1402642,12
Jay Kimmel,2018-12-30 00:00:00.0000000,2018-11-16 00:00:00.0000000,2257283,17,44,4,4,5,13,445,2305935,72,2257283,21
Jenna Caffey,2018-12-30 00:00:00.0000000,2018-07-08 00:00:00.0000000,121712,4,175,2,1,1,4,211,3941972,14,121712,2
Jennifer Braxton,2018-12-30 00:00:00.0000000,2018-12-23 00:00:00.0000000,948881,16,7,5,4,3,12,543,2612335,43,948881,33
Jennifer Ferguson,2018-12-30 00:00:00.0000000,2018-12-28 00:00:00.0000000,482708,14,2,5,4,2,11,542,5991039,69,482708,10
Jennifer Halladay,2018-12-30 00:00:00.0000000,2018-12-25 00:00:00.0000000,168422,7,5,5,2,1,8,521,-220818,29,168422,22
Jennifer Jackson,2018-12-30 00:00:00.0000000,2017-09-03 00:00:00.0000000,105368,6,483,1,1,1,3,111,1700845,25,105368,4
Jennifer Patt,2018-12-30 00:00:00.0000000,2018-11-23 00:00:00.0000000,308407,15,37,4,4,2,10,442,529363,54,308407,21
Jeremy Ellison,2018-12-30 00:00:00.0000000,2018-06-20 00:00:00.0000000,235827,13,193,2,3,1,6,231,2318038,49,235827,24
Jeremy Farry,2018-12-30 00:00:00.0000000,2018-08-31 00:00:00.0000000,829676,15,121,2,4,3,9,243,-439927,36,829676,22
Jeremy Lonsdale,2018-12-30 00:00:00.0000000,2018-11-11 00:00:00.0000000,799611,17,49,4,4,3,11,443,1456070,56,799611,12
Jeremy Pistek,2018-12-30 00:00:00.0000000,2018-12-22 00:00:00.0000000,1199843,16,8,5,4,4,13,544,1785450,63,1199843,23
Jessica Myrick,2018-12-30 00:00:00.0000000,2018-09-19 00:00:00.0000000,614248,10,102,3,2,2,7,322,2563614,46,614248,36
Jesus Ocampo,2018-12-30 00:00:00.0000000,2018-05-29 00:00:00.0000000,988121,11,215,2,3,3,8,233,1390887,42,988121,26
Jill Fjeld,2018-12-30 00:00:00.0000000,2018-11-06 00:00:00.0000000,2387613,16,54,3,4,5,12,345,9489485,67,2387613,28
Jill Matthias,2018-12-30 00:00:00.0000000,2018-12-30 00:00:00.0000000,213057,7,0,5,2,1,8,521,889095,26,213057,8
Jill Stevenson,2018-12-30 00:00:00.0000000,2018-09-02 00:00:00.0000000,197965,8,119,2,2,1,5,221,-366556,35,197965,25
Jim Epp,2018-12-30 00:00:00.0000000,2018-11-12 00:00:00.0000000,3194847,20,48,4,5,5,14,455,4817357,74,3194847,32
Jim Karlsson,2018-12-30 00:00:00.0000000,2018-10-30 00:00:00.0000000,1335707,12,61,3,3,4,10,334,1361936,44,1335707,14
Jim Kriz,2018-12-30 00:00:00.0000000,2018-07-03 00:00:00.0000000,238483,12,180,2,3,1,6,231,1746589,41,238483,12
Jim Mitchum,2018-12-30 00:00:00.0000000,2018-12-22 00:00:00.0000000,638732,12,8,5,3,2,10,532,1046940,41,638732,19
Jim Radford,2018-12-30 00:00:00.0000000,2017-05-16 00:00:00.0000000,646718,3,593,1,1,2,4,112,-770949,14,646718,9
Jim Sink,2018-12-30 00:00:00.0000000,2018-11-18 00:00:00.0000000,904102,11,42,4,3,3,10,433,-930355,42,904102,23
Jocasta Rupert,2018-12-30 00:00:00.0000000,2018-10-23 00:00:00.0000000,86388,1,68,3,1,1,5,311,107985,3,86388,2
Joe Elijah,2018-12-30 00:00:00.0000000,2018-11-14 00:00:00.0000000,5503680,22,46,4,5,5,14,455,3582021,97,5503680,71
Joe Kamberova,2018-12-30 00:00:00.0000000,2018-10-07 00:00:00.0000000,1819071,20,84,3,5,4,12,354,2356279,88,1819071,80
Joel Eaton,2018-12-30 00:00:00.0000000,2018-11-09 00:00:00.0000000,2118507,23,51,4,5,5,14,455,4308424,90,2118507,47
Joel Jenkins,2018-12-30 00:00:00.0000000,2016-12-08 00:00:00.0000000,15342,3,752,1,1,1,3,111,120104,11,15342,2
John Castell,2018-12-30 00:00:00.0000000,2018-07-25 00:00:00.0000000,2135197,16,158,2,4,5,11,245,2726860,64,2135197,33
John Dryer,2018-12-30 00:00:00.0000000,2018-09-04 00:00:00.0000000,1935380,7,117,2,1,4,7,214,312116,26,1935380,12
John Grady,2018-12-30 00:00:00.0000000,2018-05-21 00:00:00.0000000,239233,9,223,2,2,1,5,221,245611,46,239233,6
John Huston,2018-12-30 00:00:00.0000000,2018-07-09 00:00:00.0000000,243151,8,174,2,2,1,5,221,290063,29,243151,12
John Lee,2018-12-30 00:00:00.0000000,2018-12-09 00:00:00.0000000,5757771,34,21,5,5,5,15,555,-7633565,143,5757771,30
John Lucas,2018-12-30 00:00:00.0000000,2017-04-25 00:00:00.0000000,1309268,11,614,1,3,4,8,134,7071081,38,1309268,26
John Murray,2018-12-30 00:00:00.0000000,2018-09-12 00:00:00.0000000,1332429,13,109,2,3,4,9,234,16289368,50,1332429,24
John Stevenson,2018-12-30 00:00:00.0000000,2017-07-14 00:00:00.0000000,730692,9,534,1,2,3,6,123,4728666,43,730692,42
Jonathan Doherty,2018-12-30 00:00:00.0000000,2017-12-01 00:00:00.0000000,1486355,32,394,1,5,4,10,154,10988974,150,1486355,24
Jonathan Howell,2018-12-30 00:00:00.0000000,2018-11-19 00:00:00.0000000,669884,9,41,4,2,3,9,423,800698,35,669884,13
Joni Blumstein,2018-12-30 00:00:00.0000000,2016-12-24 00:00:00.0000000,675318,8,736,1,2,3,6,123,-2869808,32,675318,24
Joni Sundaresam,2018-12-30 00:00:00.0000000,2017-09-23 00:00:00.0000000,414989,8,463,1,2,2,5,122,-3102513,37,414989,27
Joni Wasserman,2018-12-30 00:00:00.0000000,2018-12-25 00:00:00.0000000,315925,11,5,5,3,2,10,532,-1091917,41,315925,9
Joseph Airdo,2018-12-30 00:00:00.0000000,2018-09-29 00:00:00.0000000,5892022,24,92,3,5,5,13,355,-9512690,87,5892022,51
Joseph Holt,2018-12-30 00:00:00.0000000,2018-12-01 00:00:00.0000000,6612153,14,29,4,4,5,13,445,-6989520,64,6612153,12
Joy Bell-,2018-12-30 00:00:00.0000000,2018-11-17 00:00:00.0000000,3309431,7,43,4,1,5,10,415,295622,32,3309431,34
Joy Daniels,2018-12-30 00:00:00.0000000,2018-09-09 00:00:00.0000000,137930,11,112,2,3,1,6,231,282932,39,137930,34
Joy Smith,2018-12-30 00:00:00.0000000,2018-12-02 00:00:00.0000000,889672,18,28,4,5,3,12,453,2260830,70,889672,33
Julia Barnett,2018-12-30 00:00:00.0000000,2018-12-23 00:00:00.0000000,324590,9,7,5,2,2,9,522,1297048,32,324590,17
Julia Dunbar,2018-12-30 00:00:00.0000000,2018-03-05 00:00:00.0000000,165828,6,300,1,1,1,3,111,1088389,17,165828,3
Julia West,2018-12-30 00:00:00.0000000,2017-09-25 00:00:00.0000000,476531,7,461,1,1,2,4,112,3851,38,476531,23
Juliana Krohn,2018-12-30 00:00:00.0000000,2018-12-02 00:00:00.0000000,710006,9,28,4,2,3,9,423,-2101723,43,710006,18
Julie Creighton,2018-12-30 00:00:00.0000000,2018-11-03 00:00:00.0000000,527412,9,57,3,2,2,7,322,1733937,43,527412,4
Julie Kriz,2018-12-30 00:00:00.0000000,2018-09-04 00:00:00.0000000,756185,17,117,2,4,3,9,243,-1806200,49,756185,35
Julie Prescott,2018-12-30 00:00:00.0000000,2018-09-19 00:00:00.0000000,647429,13,102,3,3,3,9,333,2890773,47,647429,20
Justin Deggeller,2018-12-30 00:00:00.0000000,2018-11-19 00:00:00.0000000,5833897,17,41,4,4,5,13,445,9418226,60,5833897,23
Justin Ellison,2018-12-30 00:00:00.0000000,2018-12-10 00:00:00.0000000,288560,7,20,5,2,2,9,522,2608526,34,288560,2
Justin Hirsh,2018-12-30 00:00:00.0000000,2017-11-21 00:00:00.0000000,2256394,5,404,1,1,5,7,115,-859766,28,2256394,11
Justin MacKendrick,2018-12-30 00:00:00.0000000,2018-11-03 00:00:00.0000000,322170,19,57,3,5,2,10,352,3967325,74,322170,12
Justin Ritter,2018-12-30 00:00:00.0000000,2018-11-27 00:00:00.0000000,856033,10,33,4,2,3,9,423,1035222,41,856033,22
Kalyca Meade,2018-12-30 00:00:00.0000000,2018-12-16 00:00:00.0000000,224114,19,14,5,5,1,11,551,3724416,72,224114,4
Karen Bern,2018-12-30 00:00:00.0000000,2018-12-26 00:00:00.0000000,366890,10,4,5,2,2,9,522,2811017,34,366890,15
Karen Carlisle,2018-12-30 00:00:00.0000000,2017-11-18 00:00:00.0000000,230702,10,407,1,3,1,5,131,1821404,40,230702,2
Karen Daniels,2018-12-30 00:00:00.0000000,2017-09-02 00:00:00.0000000,2035440,16,484,1,4,5,10,145,10775856,64,2035440,30
Karen Ferguson,2018-12-30 00:00:00.0000000,2018-09-24 00:00:00.0000000,7169857,18,97,3,5,5,13,355,11906968,67,7169857,6
Karen Seio,2018-12-30 00:00:00.0000000,2018-03-10 00:00:00.0000000,79634,4,295,1,1,1,3,111,1110,10,79634,11
Karl Braun,2018-12-30 00:00:00.0000000,2018-03-09 00:00:00.0000000,1251836,22,296,1,5,4,10,154,-277887,62,1251836,43
Katharine Harms,2018-12-30 00:00:00.0000000,2018-11-20 00:00:00.0000000,1741914,18,40,4,5,4,13,454,2761848,70,1741914,25
Katherine Ducich,2018-12-30 00:00:00.0000000,2018-11-19 00:00:00.0000000,966743,10,41,4,2,3,9,423,3105663,36,966743,13
Katherine Hughes,2018-12-30 00:00:00.0000000,2018-12-29 00:00:00.0000000,1425379,14,1,5,4,4,13,544,4644869,40,1425379,21
Katherine Murray,2018-12-30 00:00:00.0000000,2018-11-04 00:00:00.0000000,2036476,20,56,3,5,5,13,355,2764045,69,2036476,28
Katherine Nockton,2018-12-30 00:00:00.0000000,2018-12-11 00:00:00.0000000,1989666,17,19,5,4,4,13,544,-1545835,56,1989666,37
Katrina Bavinger,2018-12-30 00:00:00.0000000,2018-09-04 00:00:00.0000000,337303,9,117,2,2,2,6,222,911146,25,337303,4
Katrina Edelman,2018-12-30 00:00:00.0000000,2018-12-04 00:00:00.0000000,2625910,15,26,4,4,5,13,445,1765492,67,2625910,61
Katrina Willman,2018-12-30 00:00:00.0000000,2018-09-25 00:00:00.0000000,603625,10,96,3,2,2,7,322,3043369,42,603625,11
Kean Nguyen,2018-12-30 00:00:00.0000000,2018-11-08 00:00:00.0000000,1893376,8,52,4,2,4,10,424,1498250,49,1893376,36
Kean Takahito,2018-12-30 00:00:00.0000000,2017-12-04 00:00:00.0000000,1488787,14,391,1,4,4,9,144,2266567,45,1488787,32
Kean Thornton,2018-12-30 00:00:00.0000000,2018-09-21 00:00:00.0000000,3768075,13,100,3,3,5,11,335,-936872,37,3768075,48
Keith Dawkins,2018-12-30 00:00:00.0000000,2018-09-09 00:00:00.0000000,1738372,28,112,2,5,4,11,254,7910383,84,1738372,38
Keith Herrera,2018-12-30 00:00:00.0000000,2018-12-08 00:00:00.0000000,4540192,23,22,5,5,5,15,555,5347161,91,4540192,52
Kelly Andreada,2018-12-30 00:00:00.0000000,2018-11-24 00:00:00.0000000,604035,11,36,4,3,2,9,432,2134742,57,604035,6
Kelly Collister,2018-12-30 00:00:00.0000000,2018-09-24 00:00:00.0000000,485643,5,97,3,1,2,6,312,7094219,28,485643,10
Kelly Lampkin,2018-12-30 00:00:00.0000000,2018-12-14 00:00:00.0000000,3512957,22,16,5,5,5,15,555,140874,84,3512957,65
Kelly Williams,2018-12-30 00:00:00.0000000,2016-11-20 00:00:00.0000000,95063,5,770,1,1,1,3,111,508580,22,95063,2
Ken Black,2018-12-30 00:00:00.0000000,2018-05-14 00:00:00.0000000,1493274,23,230,1,5,4,10,154,5314580,102,1493274,25
Ken Brennan,2018-12-30 00:00:00.0000000,2018-12-29 00:00:00.0000000,90132,9,1,5,2,1,8,521,531021,29,90132,24
Ken Dana,2018-12-30 00:00:00.0000000,2018-03-16 00:00:00.0000000,621026,13,289,1,3,2,6,132,2772585,56,621026,14
Ken Heidel,2018-12-30 00:00:00.0000000,2018-11-02 00:00:00.0000000,681351,17,58,3,4,3,10,343,7097881,84,681351,18
Ken Lonsdale,2018-12-30 00:00:00.0000000,2018-11-13 00:00:00.0000000,3566569,29,47,4,5,5,14,455,8825747,113,3566569,58
Khloe Miller,2018-12-30 00:00:00.0000000,2018-12-15 00:00:00.0000000,238132,9,15,5,2,1,8,521,686481,30,238132,4
Kimberly Carter,2018-12-30 00:00:00.0000000,2018-11-03 00:00:00.0000000,798245,7,57,3,1,3,7,313,1049622,40,798245,6
Kristen Hastings,2018-12-30 00:00:00.0000000,2018-12-28 00:00:00.0000000,861258,15,2,5,4,3,12,543,13422591,69,861258,19
Kristina Nunn,2018-12-30 00:00:00.0000000,2018-09-23 00:00:00.0000000,351709,15,98,3,4,2,9,342,52792,55,351709,18
Kunst Miller,2018-12-30 00:00:00.0000000,2018-12-02 00:00:00.0000000,2602880,28,28,4,5,5,14,455,5457309,98,2602880,25
Larry Blacks,2018-12-30 00:00:00.0000000,2018-11-12 00:00:00.0000000,6808,3,48,4,1,1,6,411,-3987,12,6808,8
Larry Hughes,2018-12-30 00:00:00.0000000,2018-08-01 00:00:00.0000000,36749,3,151,2,1,1,4,211,171610,12,36749,11
Larry Tron,2018-12-30 00:00:00.0000000,2018-12-04 00:00:00.0000000,281330,3,26,4,1,2,7,412,381245,8,281330,4
Laura Armstrong,2018-12-30 00:00:00.0000000,2018-07-29 00:00:00.0000000,1917966,26,154,2,5,4,11,254,4524336,105,1917966,30
Laurel Beltran,2018-12-30 00:00:00.0000000,2018-07-31 00:00:00.0000000,1670571,24,152,2,5,4,11,254,1919871,76,1670571,57
Laurel Elliston,2018-12-30 00:00:00.0000000,2018-12-09 00:00:00.0000000,729875,9,21,5,2,3,10,523,1846897,32,729875,23
Laurel Workman,2018-12-30 00:00:00.0000000,2018-10-03 00:00:00.0000000,271561,15,88,3,4,2,9,342,1439805,50,271561,31
Lauren Leatherbury,2018-12-30 00:00:00.0000000,2018-04-25 00:00:00.0000000,340130,12,249,1,3,2,6,132,4151258,50,340130,2
Lela Donovan,2018-12-30 00:00:00.0000000,2017-06-26 00:00:00.0000000,5304,1,552,1,1,1,3,111,4641,3,5304,2
Lena Cacioppo,2018-12-30 00:00:00.0000000,2018-12-03 00:00:00.0000000,995246,30,27,4,5,3,12,453,-1413188,113,995246,72
Lena Creighton,2018-12-30 00:00:00.0000000,2018-12-14 00:00:00.0000000,6519703,23,16,5,5,5,15,555,2977358,93,6519703,36
Lena Hernandez,2018-12-30 00:00:00.0000000,2018-12-09 00:00:00.0000000,723410,15,21,5,4,3,12,543,3249344,64,723410,19
Lena Radford,2018-12-30 00:00:00.0000000,2018-12-04 00:00:00.0000000,3503335,16,26,4,4,5,13,445,6680284,64,3503335,28
Linda Cazamias,2018-12-30 00:00:00.0000000,2018-11-19 00:00:00.0000000,2037827,14,41,4,4,5,13,445,1022765,52,2037827,24
Linda Southworth,2018-12-30 00:00:00.0000000,2018-07-05 00:00:00.0000000,2450044,14,178,2,4,5,11,245,-2931912,51,2450044,43
Lindsay Castell,2018-12-30 00:00:00.0000000,2017-10-20 00:00:00.0000000,3130571,7,436,1,1,5,7,115,2987341,30,3130571,20
Lindsay Shagiari,2018-12-30 00:00:00.0000000,2018-12-10 00:00:00.0000000,809504,22,20,5,5,3,13,553,1442480,63,809504,62
Lindsay Williams,2018-12-30 00:00:00.0000000,2018-11-27 00:00:00.0000000,981982,11,33,4,3,3,10,433,5980411,38,981982,12
Lisa DeCherney,2018-12-30 00:00:00.0000000,2017-11-11 00:00:00.0000000,246318,7,414,1,1,1,3,111,5346750,25,246318,2
Lisa Hazard,2018-12-30 00:00:00.0000000,2018-05-05 00:00:00.0000000,264662,6,239,1,1,2,4,112,-2494305,34,264662,28
Lisa Ryan,2018-12-30 00:00:00.0000000,2018-08-20 00:00:00.0000000,1403170,12,132,2,3,4,9,234,-3274120,44,1403170,33
Liz Carlisle,2018-12-30 00:00:00.0000000,2018-11-06 00:00:00.0000000,941624,9,54,3,2,3,8,323,-843615,43,941624,38
Liz MacKendrick,2018-12-30 00:00:00.0000000,2017-12-04 00:00:00.0000000,703193,7,391,1,1,3,5,113,-528178,32,703193,4
Liz Pelletier,2018-12-30 00:00:00.0000000,2018-11-20 00:00:00.0000000,609141,9,40,4,2,2,8,422,806655,39,609141,10
Liz Preis,2018-12-30 00:00:00.0000000,2018-12-21 00:00:00.0000000,2376407,15,9,5,4,5,14,545,40765,52,2376407,28
Liz Thompson,2018-12-30 00:00:00.0000000,2018-11-26 00:00:00.0000000,1889714,14,34,4,4,4,12,444,2722758,63,1889714,48
Liz Willingham,2018-12-30 00:00:00.0000000,2018-06-08 00:00:00.0000000,57792,5,205,2,1,1,4,211,1177080,15,57792,0
Logan Currie,2018-12-30 00:00:00.0000000,2018-12-17 00:00:00.0000000,642449,19,13,5,5,2,12,552,634597,62,642449,35
Logan Haushalter,2018-12-30 00:00:00.0000000,2017-12-10 00:00:00.0000000,745180,19,385,1,5,3,9,153,2889577,44,745180,15
Lori Olson,2018-12-30 00:00:00.0000000,2018-12-28 00:00:00.0000000,170950,9,2,5,2,1,8,521,1179962,34,170950,23
Luke Foster,2018-12-30 00:00:00.0000000,2018-12-08 00:00:00.0000000,3095669,16,22,5,4,5,14,545,-36238614,69,3095669,51
Luke Schmidt,2018-12-30 00:00:00.0000000,2018-09-25 00:00:00.0000000,192003,14,96,3,4,1,8,341,1982673,54,192003,28
Luke Weiss,2018-12-30 00:00:00.0000000,2018-12-09 00:00:00.0000000,4237518,15,21,5,4,5,14,545,3492080,59,4237518,25
Lycoris Saunders,2018-12-30 00:00:00.0000000,2016-11-14 00:00:00.0000000,264894,6,776,1,1,2,4,112,152111,16,264894,7
Lynn Smith,2018-12-30 00:00:00.0000000,2018-11-26 00:00:00.0000000,328681,12,34,4,3,2,9,432,2229497,47,328681,10
Magdelene Morse,2018-12-30 00:00:00.0000000,2018-07-15 00:00:00.0000000,1112216,6,168,2,1,3,6,213,11992,17,1112216,8
Marc Crier,2018-12-30 00:00:00.0000000,2018-10-15 00:00:00.0000000,454040,13,76,3,3,2,8,332,1021156,54,454040,17
Marc Harrigan,2018-12-30 00:00:00.0000000,2018-09-02 00:00:00.0000000,931750,13,119,2,3,3,8,233,-388576,55,931750,38
Maria Bertelson,2018-12-30 00:00:00.0000000,2018-11-12 00:00:00.0000000,1089090,19,48,4,5,3,12,453,1423105,63,1089090,33
Maria Etezadi,2018-12-30 00:00:00.0000000,2018-11-18 00:00:00.0000000,5499744,22,42,4,5,5,14,455,13539458,82,5499744,29
Maria Zettner,2018-12-30 00:00:00.0000000,2018-11-30 00:00:00.0000000,212744,6,30,4,1,1,6,411,772674,11,212744,4
Maribeth Dona,2018-12-30 00:00:00.0000000,2018-09-04 00:00:00.0000000,2646755,17,117,2,4,5,11,245,-1870068,64,2646755,56
Maribeth Schnelling,2018-12-30 00:00:00.0000000,2018-04-01 00:00:00.0000000,4432686,24,273,1,5,5,11,155,3994094,105,4432686,52
Maribeth Yedwab,2018-12-30 00:00:00.0000000,2018-12-01 00:00:00.0000000,1254970,13,29,4,3,4,11,434,1164573,49,1254970,40
Marina Lichtenstein,2018-12-30 00:00:00.0000000,2018-10-22 00:00:00.0000000,787330,20,69,3,5,3,11,353,6112755,72,787330,48
Maris LaWare,2018-12-30 00:00:00.0000000,2018-11-06 00:00:00.0000000,821422,15,54,3,4,3,10,343,2921126,51,821422,25
Mark Cousins,2018-12-30 00:00:00.0000000,2017-11-26 00:00:00.0000000,798829,10,399,1,3,3,7,133,2324906,48,798829,12
Mark Haberlin,2018-12-30 00:00:00.0000000,2017-12-19 00:00:00.0000000,63029,9,376,1,2,1,4,121,538254,25,63029,7
Mark Hamilton,2018-12-30 00:00:00.0000000,2018-10-06 00:00:00.0000000,903295,11,85,3,3,3,9,333,1573353,45,903295,18
Mark Packer,2018-12-30 00:00:00.0000000,2017-01-11 00:00:00.0000000,2063663,14,718,1,4,5,10,145,3866543,77,2063663,17
Mark Van Huff,2018-12-30 00:00:00.0000000,2018-12-03 00:00:00.0000000,912527,15,27,4,4,3,11,443,1222719,52,912527,36
Mary O'Rourke,2018-12-30 00:00:00.0000000,2018-10-19 00:00:00.0000000,893813,5,72,3,1,3,7,313,-319428,15,893813,11
Mary Zewe,2018-12-30 00:00:00.0000000,2018-03-23 00:00:00.0000000,2126633,10,282,1,3,5,9,135,775495,39,2126633,28
MaryBeth Skach,2018-12-30 00:00:00.0000000,2017-10-22 00:00:00.0000000,66822,7,434,1,1,1,3,111,157384,21,66822,11
Mathew Reese,2018-12-30 00:00:00.0000000,2018-08-27 00:00:00.0000000,97225,6,125,2,1,1,4,211,1449318,29,97225,12
Matt Abelman,2018-12-30 00:00:00.0000000,2018-10-27 00:00:00.0000000,2344937,34,64,3,5,5,13,355,5892089,117,2344937,32
Matt Collins,2018-12-30 00:00:00.0000000,2018-12-03 00:00:00.0000000,722781,11,27,4,3,3,10,433,1486655,40,722781,32
Matt Collister,2018-12-30 00:00:00.0000000,2018-11-09 00:00:00.0000000,1364832,17,51,4,4,4,12,444,195988,47,1364832,29
Matt Connell,2018-12-30 00:00:00.0000000,2018-09-09 00:00:00.0000000,1471619,18,112,2,5,4,11,254,1102267,60,1471619,40
Matt Hagelstein,2018-12-30 00:00:00.0000000,2018-07-28 00:00:00.0000000,37296,6,155,2,1,1,4,211,130229,19,37296,14
Matthew Clasen,2018-12-30 00:00:00.0000000,2018-06-24 00:00:00.0000000,281578,8,189,2,2,2,6,222,-2650525,33,281578,14
Matthew Grinstein,2018-12-30 00:00:00.0000000,2018-12-01 00:00:00.0000000,1901171,14,29,4,4,4,12,444,3208137,57,1901171,18
Maureen Fritzler,2018-12-30 00:00:00.0000000,2017-11-04 00:00:00.0000000,649102,8,421,1,2,3,6,123,-4004756,36,649102,11
Maureen Gastineau,2018-12-30 00:00:00.0000000,2018-09-29 00:00:00.0000000,2024622,10,92,3,2,5,10,325,1968175,25,2024622,36
Maureen Gnade,2018-12-30 00:00:00.0000000,2017-06-23 00:00:00.0000000,590629,7,555,1,1,2,4,112,-62222,23,590629,18
Maurice Satty,2018-12-30 00:00:00.0000000,2017-11-12 00:00:00.0000000,696356,15,413,1,4,3,8,143,3082523,48,696356,33
Max Engle,2018-12-30 00:00:00.0000000,2018-12-02 00:00:00.0000000,4718489,13,28,4,3,5,12,435,748626,46,4718489,58
Max Jones,2018-12-30 00:00:00.0000000,2018-12-08 00:00:00.0000000,472339,15,22,5,4,2,11,542,4905787,50,472339,32
Max Ludwig,2018-12-30 00:00:00.0000000,2018-12-01 00:00:00.0000000,1192803,13,29,4,3,4,11,434,2574742,53,1192803,14
Maxwell Schwartz,2018-12-30 00:00:00.0000000,2018-08-31 00:00:00.0000000,1293513,19,121,2,5,4,11,254,-133732,73,1293513,19
Maya Herman,2018-12-30 00:00:00.0000000,2018-09-23 00:00:00.0000000,288659,11,98,3,3,2,8,332,969932,42,288659,8
Meg O'Connel,2018-12-30 00:00:00.0000000,2018-09-17 00:00:00.0000000,731119,11,104,2,3,3,8,233,1386060,49,731119,18
Meg Tillman,2018-12-30 00:00:00.0000000,2018-11-11 00:00:00.0000000,269420,10,49,4,2,2,8,422,4030210,31,269420,13
Melanie Seite,2018-12-30 00:00:00.0000000,2017-10-04 00:00:00.0000000,267532,5,452,1,1,2,4,112,87275,14,267532,9
Michael Chen,2018-12-30 00:00:00.0000000,2018-12-29 00:00:00.0000000,937756,14,1,5,4,3,12,543,3145503,45,937756,14
Michael Dominguez,2018-12-30 00:00:00.0000000,2018-11-24 00:00:00.0000000,160883,8,36,4,2,1,7,421,512656,45,160883,23
Michael Grace,2018-12-30 00:00:00.0000000,2018-09-05 00:00:00.0000000,980843,7,116,2,1,3,6,213,-5407848,23,980843,17
Michael Granlund,2018-12-30 00:00:00.0000000,2018-09-22 00:00:00.0000000,346967,13,99,3,3,2,8,332,783469,35,346967,29
Michael Kennedy,2018-12-30 00:00:00.0000000,2018-12-02 00:00:00.0000000,789621,17,28,4,4,3,11,443,-4051435,73,789621,51
Michael Moore,2018-12-30 00:00:00.0000000,2018-12-23 00:00:00.0000000,1544458,16,7,5,4,4,13,544,316359,68,1544458,29
Michael Nguyen,2018-12-30 00:00:00.0000000,2018-11-26 00:00:00.0000000,1433100,10,34,4,2,4,10,424,2690679,36,1433100,26
Michael Oakman,2018-12-30 00:00:00.0000000,2018-07-03 00:00:00.0000000,85204,4,180,2,1,1,4,211,3651,14,85204,14
Michael Paige,2018-12-30 00:00:00.0000000,2018-10-19 00:00:00.0000000,916406,20,72,3,5,3,11,353,5338256,62,916406,51
Michael Stewart,2018-12-30 00:00:00.0000000,2018-12-04 00:00:00.0000000,411299,11,26,5,3,2,10,532,335387,49,411299,19
Michelle Arnett,2018-12-30 00:00:00.0000000,2018-06-27 00:00:00.0000000,1837756,12,186,2,3,4,9,234,705521,42,1837756,5
Michelle Ellison,2018-12-30 00:00:00.0000000,2018-09-29 00:00:00.0000000,1158736,6,92,3,1,4,8,314,448158,15,1158736,10
Michelle Huthwaite,2018-12-30 00:00:00.0000000,2018-11-11 00:00:00.0000000,799568,10,49,4,2,3,9,423,4161442,31,799568,13
Michelle Lonsdale,2018-12-30 00:00:00.0000000,2018-10-12 00:00:00.0000000,87188,4,79,3,1,1,5,311,252541,18,87188,10
Michelle Moray,2018-12-30 00:00:00.0000000,2018-10-30 00:00:00.0000000,2317881,19,61,3,5,5,13,355,-5680263,73,2317881,40
Michelle Tran,2018-12-30 00:00:00.0000000,2018-06-10 00:00:00.0000000,3603423,11,203,2,3,5,10,235,-300348,44,3603423,69
Mick Brown,2018-12-30 00:00:00.0000000,2018-11-16 00:00:00.0000000,1035885,10,44,4,2,3,9,423,125471,39,1035885,20
Mick Crebagga,2018-12-30 00:00:00.0000000,2018-11-19 00:00:00.0000000,470334,19,41,4,5,2,11,452,215267,73,470334,51
Mick Hernandez,2018-12-30 00:00:00.0000000,2018-12-25 00:00:00.0000000,2729158,22,5,5,5,5,15,555,-1116956,79,2729158,37
Mike Caudle,2018-12-30 00:00:00.0000000,2017-12-26 00:00:00.0000000,1373135,11,369,1,3,4,8,134,1168200,34,1373135,6
Mike Gockenbach,2018-12-30 00:00:00.0000000,2018-10-07 00:00:00.0000000,1985296,8,84,3,2,4,9,324,-1356015,42,1985296,15
Mike Kennedy,2018-12-30 00:00:00.0000000,2018-05-04 00:00:00.0000000,82273,11,240,1,3,1,5,131,2305635,43,82273,9
Mike Pelletier,2018-12-30 00:00:00.0000000,2018-12-14 00:00:00.0000000,1855030,19,16,5,5,4,14,554,900570,78,1855030,43
Mike Vittorini,2018-12-30 00:00:00.0000000,2018-12-11 00:00:00.0000000,1164667,11,19,5,3,4,12,534,2251772,37,1164667,23
Mitch Gastineau,2018-12-30 00:00:00.0000000,2018-04-10 00:00:00.0000000,5651,2,264,1,1,1,3,111,-29085,8,5651,9
Mitch Webber,2018-12-30 00:00:00.0000000,2018-12-13 00:00:00.0000000,2759341,14,17,5,4,5,14,545,10893586,51,2759341,11
Mitch Willingham,2018-12-30 00:00:00.0000000,2018-11-16 00:00:00.0000000,2253366,3,44,4,1,5,10,415,16655160,13,2253366,2
Monica Federle,2018-12-30 00:00:00.0000000,2018-12-23 00:00:00.0000000,543174,12,7,5,3,2,10,532,2602504,38,543174,8
Muhammed Lee,2018-12-30 00:00:00.0000000,2018-09-21 00:00:00.0000000,25468,3,100,3,1,1,5,311,426648,7,25468,2
Muhammed MacIntyre,2018-12-30 00:00:00.0000000,2018-10-06 00:00:00.0000000,640792,12,85,3,3,2,8,332,282214,32,640792,17
Muhammed Yedwab,2018-12-30 00:00:00.0000000,2018-10-20 00:00:00.0000000,2132025,21,71,3,5,5,13,355,197520,89,2132025,80
Nancy Lomonaco,2018-12-30 00:00:00.0000000,2018-11-02 00:00:00.0000000,775265,10,58,3,2,3,8,323,3019294,44,775265,6
Naresj Patel,2018-12-30 00:00:00.0000000,2018-12-05 00:00:00.0000000,2287361,21,25,5,5,5,15,555,2634714,77,2287361,12
Nat Carroll,2018-12-30 00:00:00.0000000,2018-05-20 00:00:00.0000000,824700,17,224,2,4,3,9,243,2668420,54,824700,7
Nat Gilpin,2018-12-30 00:00:00.0000000,2018-11-12 00:00:00.0000000,718057,16,48,4,4,3,11,443,2314806,45,718057,14
Natalie DeCherney,2018-12-30 00:00:00.0000000,2018-12-03 00:00:00.0000000,1299448,18,27,4,5,4,13,454,1013971,63,1299448,38
Natalie Fritzler,2018-12-30 00:00:00.0000000,2018-10-12 00:00:00.0000000,4209493,14,79,3,4,5,12,345,-25670985,52,4209493,35
Natalie Webber,2018-12-30 00:00:00.0000000,2018-07-11 00:00:00.0000000,4338750,22,172,2,5,5,12,255,9741891,78,4338750,47
Nathan Cano,2018-12-30 00:00:00.0000000,2018-11-19 00:00:00.0000000,2091694,14,41,4,4,5,13,445,-1743532,38,2091694,37
Nathan Gelder,2018-12-30 00:00:00.0000000,2018-11-12 00:00:00.0000000,857189,9,48,4,2,3,9,423,1262073,41,857189,10
Nathan Mautz,2018-12-30 00:00:00.0000000,2018-07-23 00:00:00.0000000,745676,14,160,2,4,3,9,243,2586723,44,745676,6
Neil Ducich,2018-12-30 00:00:00.0000000,2018-06-30 00:00:00.0000000,354384,8,183,2,2,2,6,222,3527662,36,354384,7
Neil Französisch,2018-12-30 00:00:00.0000000,2017-07-23 00:00:00.0000000,129941,4,525,1,1,1,3,111,859278,13,129941,10
Neil Knudson,2018-12-30 00:00:00.0000000,2018-10-21 00:00:00.0000000,166319,11,70,3,3,1,7,331,366168,51,166319,14
Neola Schneider,2018-12-30 00:00:00.0000000,2018-12-24 00:00:00.0000000,1643247,15,6,5,4,4,13,544,-225478,52,1643247,31
Neoma Murray,2018-12-30 00:00:00.0000000,2018-04-30 00:00:00.0000000,261800,15,244,1,4,2,7,142,124658,60,261800,39
Nick Crebassa,2018-12-30 00:00:00.0000000,2018-12-24 00:00:00.0000000,6435997,15,6,5,4,5,14,545,10371485,64,6435997,34
Nick Radford,2018-12-30 00:00:00.0000000,2018-06-03 00:00:00.0000000,1241359,13,210,2,3,4,9,234,-778213,37,1241359,29
Nick Zandusky,2018-12-30 00:00:00.0000000,2018-10-06 00:00:00.0000000,1197098,20,85,3,5,4,12,354,3710172,77,1197098,35
Nicole Brennan,2018-12-30 00:00:00.0000000,2015-10-22 00:00:00.0000000,156944,2,1165,1,1,1,3,111,247888,7,156944,2
Nicole Fjeld,2018-12-30 00:00:00.0000000,2018-09-07 00:00:00.0000000,1230733,12,114,2,3,4,9,234,2838176,55,1230733,14
Nicole Hansen,2018-12-30 00:00:00.0000000,2018-06-24 00:00:00.0000000,208820,11,189,2,3,1,6,231,4934525,52,208820,6
Noah Childs,2018-12-30 00:00:00.0000000,2018-06-09 00:00:00.0000000,425815,9,204,2,2,2,6,222,66058,29,425815,22
Noel Staavos,2018-12-30 00:00:00.0000000,2018-07-09 00:00:00.0000000,875455,26,174,2,5,3,10,253,-390637,113,875455,56
Nona Balk,2018-12-30 00:00:00.0000000,2018-12-11 00:00:00.0000000,1545243,17,19,5,4,4,13,544,962625,64,1545243,70
Nora Paige,2018-12-30 00:00:00.0000000,2018-11-02 00:00:00.0000000,233675,10,58,3,2,1,6,321,2938095,46,233675,2
Nora Pelletier,2018-12-30 00:00:00.0000000,2017-11-19 00:00:00.0000000,293265,7,406,1,1,2,4,112,612869,23,293265,13
Nora Preis,2018-12-30 00:00:00.0000000,2018-08-14 00:00:00.0000000,7957259,13,138,2,3,5,10,235,5466372,63,7957259,39
Odella Nelson,2018-12-30 00:00:00.0000000,2017-11-15 00:00:00.0000000,882422,15,410,1,4,3,8,143,-509772,58,882422,24
Olvera Toch,2018-12-30 00:00:00.0000000,2018-10-26 00:00:00.0000000,1609871,10,65,3,2,4,9,324,-364063,51,1609871,16
Pamela Coakley,2018-12-30 00:00:00.0000000,2018-12-28 00:00:00.0000000,1663422,5,2,5,1,4,10,514,966477,22,1663422,11
Pamela Stobb,2018-12-30 00:00:00.0000000,2018-09-14 00:00:00.0000000,753566,21,107,2,5,3,10,253,-24164,75,753566,47
Parhena Norris,2018-12-30 00:00:00.0000000,2018-11-30 00:00:00.0000000,725723,13,30,4,3,3,10,433,625206,47,725723,16
Patricia Hirasaki,2018-12-30 00:00:00.0000000,2018-10-21 00:00:00.0000000,729648,2,70,3,1,3,7,313,94155,6,729648,4
Patrick Bzostek,2018-12-30 00:00:00.0000000,2018-12-05 00:00:00.0000000,263275,10,25,5,2,2,9,522,1260839,54,263275,12
Patrick Gardner,2018-12-30 00:00:00.0000000,2018-11-24 00:00:00.0000000,1284360,26,36,4,5,4,13,454,-3002330,83,1284360,44
Patrick Jones,2018-12-30 00:00:00.0000000,2018-11-21 00:00:00.0000000,248495,13,39,4,3,1,8,431,3693426,46,248495,10
Patrick O'Brill,2018-12-30 00:00:00.0000000,2018-12-26 00:00:00.0000000,12682247,22,4,5,5,5,15,555,-431471,91,12682247,75
Patrick O'Donnell,2018-12-30 00:00:00.0000000,2018-12-30 00:00:00.0000000,1087333,13,0,5,4,3,12,543,2298705,54,1087333,6
Patrick Ryan,2018-12-30 00:00:00.0000000,2018-11-24 00:00:00.0000000,1410473,12,36,4,3,4,11,434,2089874,43,1410473,14
Paul Gonzalez,2018-12-30 00:00:00.0000000,2018-11-03 00:00:00.0000000,950076,17,57,3,4,3,10,343,319939,61,950076,16
Paul Knutson,2018-12-30 00:00:00.0000000,2017-09-03 00:00:00.0000000,395118,3,483,1,1,2,4,112,-113823,14,395118,11
Paul Lucas,2018-12-30 00:00:00.0000000,2018-12-15 00:00:00.0000000,138978,8,15,5,2,1,8,521,-343227,29,138978,20
Paul MacIntyre,2018-12-30 00:00:00.0000000,2017-12-09 00:00:00.0000000,407896,4,386,1,1,2,4,112,-56487,16,407896,6
Paul Prost,2018-12-30 00:00:00.0000000,2018-09-24 00:00:00.0000000,1233273,34,97,3,5,4,12,354,14297742,138,1233273,37
Paul Stevenson,2018-12-30 00:00:00.0000000,2018-10-22 00:00:00.0000000,519165,13,69,3,3,2,8,332,1659929,52,519165,7
Paul Van Hugh,2018-12-30 00:00:00.0000000,2018-10-02 00:00:00.0000000,786354,13,89,3,3,3,9,333,3966879,52,786354,11
Pauline Chand,2018-12-30 00:00:00.0000000,2016-08-01 00:00:00.0000000,1055440,3,881,1,1,3,5,113,-1876628,18,1055440,4
Pauline Johnson,2018-12-30 00:00:00.0000000,2018-08-18 00:00:00.0000000,198357,10,134,2,2,1,5,221,6430244,25,198357,8
Pauline Webber,2018-12-30 00:00:00.0000000,2018-11-14 00:00:00.0000000,473864,13,46,4,3,2,9,432,7308476,48,473864,5
Penelope Sewall,2018-12-30 00:00:00.0000000,2018-05-08 00:00:00.0000000,4011793,13,236,1,3,5,9,135,6814542,47,4011793,11
Pete Armstrong,2018-12-30 00:00:00.0000000,2018-09-18 00:00:00.0000000,240096,7,103,2,1,1,4,211,106643,27,240096,13
Pete Kriz,2018-12-30 00:00:00.0000000,2018-12-21 00:00:00.0000000,6393289,25,9,5,5,5,15,555,17324476,107,6393289,19
Pete Takahito,2018-12-30 00:00:00.0000000,2018-10-20 00:00:00.0000000,155910,7,71,3,1,1,5,311,-3066,19,155910,26
Peter Bühler,2018-12-30 00:00:00.0000000,2018-11-03 00:00:00.0000000,660514,5,57,3,1,3,7,313,2181597,18,660514,6
Peter Fuller,2018-12-30 00:00:00.0000000,2016-09-17 00:00:00.0000000,6026246,19,834,1,5,5,11,155,-8645600,75,6026246,23
Peter McVee,2018-12-30 00:00:00.0000000,2018-11-09 00:00:00.0000000,2030056,7,51,4,1,5,10,415,4764464,36,2030056,9
Philip Brown,2018-12-30 00:00:00.0000000,2018-09-24 00:00:00.0000000,219099,11,97,3,3,1,7,331,609580,54,219099,14
Philip Fox,2018-12-30 00:00:00.0000000,2018-06-17 00:00:00.0000000,206179,10,196,2,3,1,6,231,4625926,34,206179,5
Philisse Overcash,2018-12-30 00:00:00.0000000,2018-07-23 00:00:00.0000000,1893685,18,160,2,5,4,11,254,5589131,65,1893685,19
Phillina Ober,2018-12-30 00:00:00.0000000,2018-10-05 00:00:00.0000000,743775,10,86,3,2,3,8,323,-967277,32,743775,19
Phillip Breyer,2018-12-30 00:00:00.0000000,2017-02-11 00:00:00.0000000,69801,2,687,1,1,1,3,111,218970,10,69801,2
Phillip Flathmann,2018-12-30 00:00:00.0000000,2018-09-07 00:00:00.0000000,836688,10,114,2,2,3,7,223,5913118,32,836688,6
Pierre Wener,2018-12-30 00:00:00.0000000,2017-09-22 00:00:00.0000000,1120706,12,464,1,3,3,7,133,147480,39,1120706,34
Quincy Jones,2018-12-30 00:00:00.0000000,2018-12-05 00:00:00.0000000,353072,13,25,5,3,2,10,532,3139692,61,353072,16
Rachel Payne,2018-12-30 00:00:00.0000000,2017-08-21 00:00:00.0000000,3928139,12,496,1,3,5,9,135,258091,47,3928139,52
Ralph Arnett,2018-12-30 00:00:00.0000000,2018-12-25 00:00:00.0000000,976891,17,5,5,4,3,12,543,3282180,58,976891,28
Ralph Kennedy,2018-12-30 00:00:00.0000000,2018-09-02 00:00:00.0000000,67082,8,119,2,2,1,5,221,685191,29,67082,6
Ralph Ritter,2018-12-30 00:00:00.0000000,2018-12-11 00:00:00.0000000,539342,4,19,5,1,2,8,512,-143792,7,539342,11
Randy Bradley,2018-12-30 00:00:00.0000000,2018-10-23 00:00:00.0000000,349063,6,68,3,1,2,6,312,-731579,16,349063,19
Randy Ferguson,2018-12-30 00:00:00.0000000,2017-12-05 00:00:00.0000000,252264,16,390,1,4,1,6,141,1975681,67,252264,22
Raymond Buch,2018-12-30 00:00:00.0000000,2018-09-25 00:00:00.0000000,1632000,18,96,3,5,4,12,354,69170820,71,1632000,17
Raymond Messe,2018-12-30 00:00:00.0000000,2018-01-19 00:00:00.0000000,153658,9,345,1,2,1,4,121,2407231,29,153658,4
Resi Pölking,2018-12-30 00:00:00.0000000,2018-11-27 00:00:00.0000000,1850462,25,33,4,5,4,13,454,3666796,88,1850462,37
Ricardo Emerson,2018-12-30 00:00:00.0000000,2015-12-29 00:00:00.0000000,4836,1,1097,1,1,1,3,111,6045,5,4836,2
Ricardo Sperren,2018-12-30 00:00:00.0000000,2018-10-15 00:00:00.0000000,322129,9,76,3,2,2,7,322,3498686,29,322129,0
Richard Bierner,2018-12-30 00:00:00.0000000,2018-12-11 00:00:00.0000000,1053238,16,19,5,4,3,12,543,1163966,66,1053238,26
Richard Eichhorn,2018-12-30 00:00:00.0000000,2018-03-03 00:00:00.0000000,255237,9,302,1,2,1,4,121,1292095,47,255237,12
Rick Bensley,2018-12-30 00:00:00.0000000,2018-12-21 00:00:00.0000000,1371939,23,9,5,5,4,14,554,2153353,85,1371939,31
Rick Duston,2018-12-30 00:00:00.0000000,2018-10-19 00:00:00.0000000,1759176,15,72,3,4,4,11,344,1506756,60,1759176,16
Rick Hansen,2018-12-30 00:00:00.0000000,2018-11-28 00:00:00.0000000,1442395,8,32,4,2,4,10,424,5637877,38,1442395,8
Rick Huthwaite,2018-12-30 00:00:00.0000000,2017-09-19 00:00:00.0000000,391738,12,467,1,3,2,6,132,3535255,43,391738,4
Rick Reed,2018-12-30 00:00:00.0000000,2018-07-13 00:00:00.0000000,637101,10,170,2,3,2,7,232,4772831,36,637101,6
Rick Wilson,2018-12-30 00:00:00.0000000,2018-09-01 00:00:00.0000000,1713046,23,120,2,5,4,11,254,13531826,89,1713046,31
Ritsa Hightower,2018-12-30 00:00:00.0000000,2017-07-29 00:00:00.0000000,106098,3,519,1,1,1,3,111,3057,11,106098,16
Rob Beeghly,2018-12-30 00:00:00.0000000,2018-12-05 00:00:00.0000000,316974,9,25,5,2,2,9,522,514575,35,316974,15
Rob Dowd,2018-12-30 00:00:00.0000000,2018-07-03 00:00:00.0000000,868661,19,180,2,5,3,10,253,6180531,73,868661,6
Rob Haberlin,2018-12-30 00:00:00.0000000,2017-07-14 00:00:00.0000000,1290149,11,534,1,3,4,8,134,344581,43,1290149,12
Rob Lucas,2018-12-30 00:00:00.0000000,2018-08-31 00:00:00.0000000,3135049,24,121,2,5,5,12,255,2446066,101,3135049,66
Rob Williams,2018-12-30 00:00:00.0000000,2018-10-02 00:00:00.0000000,1489799,16,89,3,4,4,11,344,1633829,53,1489799,22
Robert Barroso,2018-12-30 00:00:00.0000000,2017-03-22 00:00:00.0000000,141110,7,648,1,1,1,3,111,694786,29,141110,10
Robert Dilbeck,2018-12-30 00:00:00.0000000,2018-09-07 00:00:00.0000000,687508,5,114,2,1,3,6,213,8309399,23,687508,4
Robert Marley,2018-12-30 00:00:00.0000000,2018-12-24 00:00:00.0000000,3074940,11,6,5,3,5,13,535,12199001,39,3074940,5
Robert Waldorf,2018-12-30 00:00:00.0000000,2018-10-12 00:00:00.0000000,344647,15,79,3,4,2,9,342,1103877,61,344647,11
Roger Barcio,2018-12-30 00:00:00.0000000,2018-11-06 00:00:00.0000000,459411,7,54,3,1,2,6,312,-423748,22,459411,11
Roger Demir,2018-12-30 00:00:00.0000000,2018-12-09 00:00:00.0000000,793166,20,21,5,5,3,13,553,1166356,78,793166,45
Roland Fjeld,2018-12-30 00:00:00.0000000,2018-10-02 00:00:00.0000000,544167,14,89,3,4,2,9,342,6043368,53,544167,2
Roland Murray,2018-12-30 00:00:00.0000000,2018-03-06 00:00:00.0000000,9835,2,299,1,1,1,3,111,286879,4,9835,0
Roland Schwarz,2018-12-30 00:00:00.0000000,2018-11-24 00:00:00.0000000,529548,14,36,4,4,2,10,442,10140821,54,529548,16
Rose O'Brian,2018-12-30 00:00:00.0000000,2018-11-25 00:00:00.0000000,2499345,12,35,4,3,5,12,435,-831045,48,2499345,35
Ross Baird,2018-12-30 00:00:00.0000000,2018-11-28 00:00:00.0000000,3096522,18,32,4,5,5,14,455,-327545,92,3096522,45
Ross DeVincentis,2018-12-30 00:00:00.0000000,2018-12-16 00:00:00.0000000,205162,16,14,5,4,1,10,541,757667,63,205162,30
Roy Collins,2018-12-30 00:00:00.0000000,2017-12-26 00:00:00.0000000,727207,10,369,1,3,3,7,133,639914,29,727207,11
Roy Französisch,2018-12-30 00:00:00.0000000,2018-12-24 00:00:00.0000000,129867,11,6,5,3,1,9,531,2272339,45,129867,9
Roy Phan,2018-12-30 00:00:00.0000000,2018-12-02 00:00:00.0000000,348837,15,28,4,4,2,10,442,3756492,61,348837,20
Roy Skaria,2018-12-30 00:00:00.0000000,2018-12-11 00:00:00.0000000,10430,3,19,5,1,1,7,511,72510,10,10430,2
Ruben Ausman,2018-12-30 00:00:00.0000000,2018-11-17 00:00:00.0000000,1178097,15,43,4,4,4,12,444,10786872,53,1178097,6
Ruben Dartt,2018-12-30 00:00:00.0000000,2018-09-07 00:00:00.0000000,1926601,21,114,2,5,4,11,254,3781454,85,1926601,12
Russell Applegate,2018-12-30 00:00:00.0000000,2018-12-18 00:00:00.0000000,3169358,22,12,5,5,5,15,555,1253875,75,3169358,75
Russell D'Ascenzo,2018-12-30 00:00:00.0000000,2018-11-18 00:00:00.0000000,409378,10,42,4,2,2,8,422,196890,33,409378,31
Ryan Akin,2018-12-30 00:00:00.0000000,2018-10-30 00:00:00.0000000,2817264,9,61,3,2,5,10,325,-1425894,27,2817264,69
Ryan Crowe,2018-12-30 00:00:00.0000000,2018-09-11 00:00:00.0000000,432404,11,110,2,3,2,7,232,90765,44,432404,19
Sally Hughsby,2018-12-30 00:00:00.0000000,2018-12-01 00:00:00.0000000,5296682,29,29,4,5,5,14,455,3376671,113,5296682,53
Sally Knutson,2018-12-30 00:00:00.0000000,2018-12-22 00:00:00.0000000,656780,5,8,5,1,3,9,513,1356616,19,656780,11
Sally Matthias,2018-12-30 00:00:00.0000000,2017-11-04 00:00:00.0000000,211023,6,421,1,1,1,3,111,-293953,26,211023,16
Sam Craven,2018-12-30 00:00:00.0000000,2016-11-10 00:00:00.0000000,3586160,17,780,1,4,5,10,145,-3779835,62,3586160,66
Sam Zeldin,2018-12-30 00:00:00.0000000,2018-11-25 00:00:00.0000000,1683795,20,35,4,5,4,13,454,732427,69,1683795,44
Sample Company A,2018-12-30 00:00:00.0000000,2018-11-20 00:00:00.0000000,1763301,15,40,4,4,4,12,444,8847291,61,1763301,28
Sandra Flanagan,2018-12-30 00:00:00.0000000,2018-11-01 00:00:00.0000000,132025,9,59,3,2,1,6,321,651246,35,132025,9
Sandra Glassco,2018-12-30 00:00:00.0000000,2018-12-22 00:00:00.0000000,1370574,11,8,5,3,4,12,534,2933325,30,1370574,21
Sanjit Chand,2018-12-30 00:00:00.0000000,2018-01-15 00:00:00.0000000,1823170,22,349,1,5,4,10,154,56899993,87,1823170,14
Sanjit Engle,2018-12-30 00:00:00.0000000,2018-12-21 00:00:00.0000000,2501525,19,9,5,5,5,15,555,2803730,78,2501525,21
Sanjit Jacobs,2018-12-30 00:00:00.0000000,2018-09-26 00:00:00.0000000,1784571,24,95,3,5,4,12,354,1583290,104,1784571,56
Saphhira Shifley,2018-12-30 00:00:00.0000000,2018-12-15 00:00:00.0000000,179786,21,15,5,5,1,11,551,2679339,86,179786,24
Sara Luxemburg,2018-12-30 00:00:00.0000000,2018-10-21 00:00:00.0000000,405698,9,70,3,2,2,7,322,5274711,30,405698,16
Sarah Bern,2018-12-30 00:00:00.0000000,2018-06-12 00:00:00.0000000,149391,7,201,2,1,1,4,211,857,24,149391,13
Sarah Brown,2018-12-30 00:00:00.0000000,2018-06-25 00:00:00.0000000,3060710,12,188,2,3,5,10,235,9440227,45,3060710,17
Sarah Foster,2018-12-30 00:00:00.0000000,2018-11-01 00:00:00.0000000,684464,15,59,3,4,3,10,343,3720563,74,684464,19
Sarah Jordon,2018-12-30 00:00:00.0000000,2018-12-01 00:00:00.0000000,912618,10,29,4,2,3,9,423,-307047,35,912618,37
Scot Coram,2018-12-30 00:00:00.0000000,2018-08-03 00:00:00.0000000,3118591,11,149,2,3,5,10,235,1828805,49,3118591,12
Scot Wooten,2018-12-30 00:00:00.0000000,2018-10-10 00:00:00.0000000,689852,10,81,3,2,3,8,323,-132171,33,689852,26
Scott Cohen,2018-12-30 00:00:00.0000000,2018-06-26 00:00:00.0000000,2092333,18,187,2,5,5,12,255,5246940,63,2092333,49
Scott Williamson,2018-12-30 00:00:00.0000000,2018-11-30 00:00:00.0000000,176865,7,30,4,2,1,7,421,2695017,28,176865,2
Sean Braxton,2018-12-30 00:00:00.0000000,2018-11-13 00:00:00.0000000,6689360,17,47,4,4,5,13,445,-12240317,84,6689360,41
Sean Christensen,2018-12-30 00:00:00.0000000,2018-12-01 00:00:00.0000000,1097067,12,29,4,3,3,10,433,2385523,64,1097067,26
Sean Miller,2018-12-30 00:00:00.0000000,2018-10-12 00:00:00.0000000,3372562,15,79,3,4,5,12,345,-17930344,50,3372562,37
Sean O'Donnell,2018-12-30 00:00:00.0000000,2018-12-01 00:00:00.0000000,10279823,15,29,4,4,5,13,445,1630284,52,10279823,61
Sean Wendt,2018-12-30 00:00:00.0000000,2018-07-21 00:00:00.0000000,244801,6,162,2,1,1,4,211,219105,25,244801,13
Seth Vernon,2018-12-30 00:00:00.0000000,2018-09-20 00:00:00.0000000,5660487,32,101,3,5,5,13,355,9879377,109,5660487,50
Shahid Collister,2018-12-30 00:00:00.0000000,2018-11-30 00:00:00.0000000,2925876,20,30,4,5,5,14,455,2200439,80,2925876,38
Shahid Hopkins,2018-12-30 00:00:00.0000000,2018-12-07 00:00:00.0000000,1635183,15,23,5,4,4,13,544,-1226655,45,1635183,35
Shahid Shariari,2018-12-30 00:00:00.0000000,2018-09-11 00:00:00.0000000,1755191,12,110,2,3,4,9,234,-10169804,46,1755191,31
Sharelle Roach,2018-12-30 00:00:00.0000000,2018-12-22 00:00:00.0000000,2794443,9,8,5,2,5,12,525,-274089,34,2794443,33
Shaun Chance,2018-12-30 00:00:00.0000000,2018-11-24 00:00:00.0000000,767593,10,36,4,2,3,9,423,3541190,44,767593,28
Shaun Weien,2018-12-30 00:00:00.0000000,2018-07-21 00:00:00.0000000,2533797,9,162,2,2,5,9,225,2311998,18,2533797,10
Sheri Gordon,2018-12-30 00:00:00.0000000,2018-06-30 00:00:00.0000000,470880,14,183,2,4,2,8,242,-1501451,62,470880,21
Shirley Daniels,2018-12-30 00:00:00.0000000,2018-06-13 00:00:00.0000000,1709404,21,200,2,5,4,11,254,1798986,82,1709404,22
Shirley Jackson,2018-12-30 00:00:00.0000000,2018-04-21 00:00:00.0000000,209238,7,253,1,1,1,3,111,624605,30,209238,10
Shirley Schmidt,2018-12-30 00:00:00.0000000,2017-08-26 00:00:00.0000000,61340,6,491,1,1,1,3,111,1999345,36,61340,0
Shui Tom,2018-12-30 00:00:00.0000000,2018-08-27 00:00:00.0000000,225035,12,125,2,3,1,6,231,504390,33,225035,24
Sibella Parks,2018-12-30 00:00:00.0000000,2018-02-06 00:00:00.0000000,630735,10,327,1,3,2,6,132,-832419,43,630735,26
Skye Norling,2018-12-30 00:00:00.0000000,2018-09-10 00:00:00.0000000,873901,15,111,2,4,3,9,243,1871899,67,873901,26
Sonia Cooley,2018-12-30 00:00:00.0000000,2018-09-29 00:00:00.0000000,128827,7,92,3,1,1,5,311,478597,30,128827,24
Sonia Sunley,2018-12-30 00:00:00.0000000,2017-10-24 00:00:00.0000000,40148,9,432,1,2,1,4,121,1262431,17,40148,0
Speros Goranitis,2018-12-30 00:00:00.0000000,2018-09-13 00:00:00.0000000,698468,13,108,2,3,3,8,233,4442592,49,698468,12
Stefania Perrino,2018-12-30 00:00:00.0000000,2018-11-13 00:00:00.0000000,4648202,24,47,4,5,5,14,455,-4091227,77,4648202,60
Stefanie Holloman,2018-12-30 00:00:00.0000000,2016-11-26 00:00:00.0000000,832864,2,764,1,1,3,5,113,1974494,16,832864,4
Stephanie Phelps,2018-12-30 00:00:00.0000000,2017-12-09 00:00:00.0000000,922153,15,386,1,4,3,8,143,1068841,71,922153,23
Stephanie Ulpright,2018-12-30 00:00:00.0000000,2018-12-10 00:00:00.0000000,1647295,18,20,5,5,4,14,554,6462010,61,1647295,24
Steve Carroll,2018-12-30 00:00:00.0000000,2018-08-26 00:00:00.0000000,125464,8,126,2,2,1,5,221,3362323,26,125464,0
Steve Chapman,2018-12-30 00:00:00.0000000,2018-10-02 00:00:00.0000000,307823,14,89,3,4,2,9,342,1610992,66,307823,22
Steve Nguyen,2018-12-30 00:00:00.0000000,2018-10-12 00:00:00.0000000,6723974,19,79,3,5,5,13,355,4620921,89,6723974,51
Steven Cartwright,2018-12-30 00:00:00.0000000,2018-06-26 00:00:00.0000000,1175571,26,187,2,5,4,11,254,8866165,133,1175571,39
Steven Roelle,2018-12-30 00:00:00.0000000,2018-06-17 00:00:00.0000000,158708,12,196,2,3,1,6,231,3125454,50,158708,4
Steven Ward,2018-12-30 00:00:00.0000000,2017-07-14 00:00:00.0000000,660524,8,534,1,2,3,6,123,557964,27,660524,8
Stewart Carmichael,2018-12-30 00:00:00.0000000,2018-11-19 00:00:00.0000000,1230616,21,41,4,5,4,13,454,-250918,75,1230616,64
Stewart Visinsky,2018-12-30 00:00:00.0000000,2018-02-13 00:00:00.0000000,2656629,25,320,1,5,5,11,155,2206693,91,2656629,46
Stuart Calhoun,2018-12-30 00:00:00.0000000,2018-11-30 00:00:00.0000000,209785,5,30,4,1,1,6,411,440681,11,209785,6
Stuart Van,2018-12-30 00:00:00.0000000,2018-10-15 00:00:00.0000000,997553,6,76,3,1,3,7,313,613778,24,997553,12
Sue Ann Reed,2018-12-30 00:00:00.0000000,2018-10-28 00:00:00.0000000,4902220,21,63,3,5,5,13,355,1990404,75,4902220,81
Sung Chung,2018-12-30 00:00:00.0000000,2018-08-21 00:00:00.0000000,280632,4,131,2,1,2,5,212,222603,13,280632,8
Sung Pak,2018-12-30 00:00:00.0000000,2018-10-12 00:00:00.0000000,3032606,24,79,3,5,5,13,355,1565287,80,3032606,50
Sung Shariari,2018-12-30 00:00:00.0000000,2018-09-01 00:00:00.0000000,417130,15,120,2,4,2,8,242,-15484,39,417130,36
Susan Gilcrest,2018-12-30 00:00:00.0000000,2018-05-18 00:00:00.0000000,37551,5,226,1,1,1,3,111,-66179,17,37551,20
Susan MacKendrick,2018-12-30 00:00:00.0000000,2017-05-03 00:00:00.0000000,741703,6,606,1,1,3,5,113,-1997693,20,741703,17
Susan Pistek,2018-12-30 00:00:00.0000000,2018-10-21 00:00:00.0000000,3933485,14,70,3,4,5,12,345,-3826,57,3933485,38
Susan Vittorini,2018-12-30 00:00:00.0000000,2018-12-28 00:00:00.0000000,551493,13,2,5,4,2,11,542,394749,66,551493,30
Suzanne McNair,2018-12-30 00:00:00.0000000,2018-12-05 00:00:00.0000000,2870844,22,25,5,5,5,15,555,5016722,94,2870844,28
Sylvia Foulston,2018-12-30 00:00:00.0000000,2018-11-12 00:00:00.0000000,582265,17,48,4,4,2,10,442,1840635,66,582265,46
Tamara Chand,2018-12-30 00:00:00.0000000,2017-11-26 00:00:00.0000000,1969336,12,399,1,3,4,8,134,9104992,42,1969336,14
Tamara Dahlen,2018-12-30 00:00:00.0000000,2018-11-23 00:00:00.0000000,1249283,16,37,4,4,4,12,444,880574,67,1249283,39
Tamara Manning,2018-12-30 00:00:00.0000000,2018-09-18 00:00:00.0000000,583780,19,103,2,5,2,9,252,3061993,67,583780,10
Tamara Willingham,2018-12-30 00:00:00.0000000,2018-10-27 00:00:00.0000000,1094717,12,64,3,3,3,9,333,1857724,57,1094717,12
Tanja Norvell,2018-12-30 00:00:00.0000000,2018-10-01 00:00:00.0000000,1049061,12,90,3,3,3,9,333,-8243146,48,1049061,24
Ted Butterfield,2018-12-30 00:00:00.0000000,2018-09-02 00:00:00.0000000,365174,18,119,2,5,2,9,252,1488898,66,365174,10
Ted Trevino,2018-12-30 00:00:00.0000000,2018-11-29 00:00:00.0000000,3703338,14,31,4,4,5,13,445,3626266,66,3703338,16
Thais Sissman,2018-12-30 00:00:00.0000000,2018-01-07 00:00:00.0000000,4833,2,357,1,1,1,3,111,-19791,4,4833,14
Thea Hendricks,2018-12-30 00:00:00.0000000,2018-01-20 00:00:00.0000000,1780440,7,344,1,1,4,6,114,493793,29,1780440,12
Thea Hudgings,2018-12-30 00:00:00.0000000,2018-11-02 00:00:00.0000000,1955400,9,58,3,2,4,9,324,-78322,29,1955400,21
Theone Pippenger,2018-12-30 00:00:00.0000000,2018-12-22 00:00:00.0000000,460954,16,8,5,4,2,11,542,8496653,55,460954,14
Theresa Coyne,2018-12-30 00:00:00.0000000,2018-09-15 00:00:00.0000000,99560,4,106,2,1,1,4,211,2467628,17,99560,0
Theresa Swint,2018-12-30 00:00:00.0000000,2017-08-13 00:00:00.0000000,1027023,17,504,1,4,3,8,143,-208571,60,1027023,38
Thomas Boland,2018-12-30 00:00:00.0000000,2018-11-02 00:00:00.0000000,596985,11,58,3,3,2,8,332,5537662,36,596985,10
Thomas Brumley,2018-12-30 00:00:00.0000000,2018-11-11 00:00:00.0000000,771408,4,49,4,1,3,8,413,1771084,23,771408,1
Thomas Seio,2018-12-30 00:00:00.0000000,2018-06-15 00:00:00.0000000,3967513,19,198,2,5,5,12,255,4380490,67,3967513,30
Thomas Thornton,2018-12-30 00:00:00.0000000,2018-06-30 00:00:00.0000000,830704,15,183,2,4,3,9,243,2330738,55,830704,32
Tiffany House,2018-12-30 00:00:00.0000000,2018-09-04 00:00:00.0000000,866339,13,117,2,3,3,8,233,765938,40,866339,27
Tim Brockman,2018-12-30 00:00:00.0000000,2018-01-15 00:00:00.0000000,795706,19,349,1,5,3,9,153,2461462,74,795706,47
Tim Taslimi,2018-12-30 00:00:00.0000000,2017-11-19 00:00:00.0000000,14871,3,406,1,1,1,3,111,386661,8,14871,0
Toby Braunhardt,2018-12-30 00:00:00.0000000,2017-05-26 00:00:00.0000000,330806,11,583,1,3,2,6,132,4533853,35,330806,11
Toby Carlisle,2018-12-30 00:00:00.0000000,2018-12-03 00:00:00.0000000,1173566,16,27,4,4,4,12,444,5817235,63,1173566,21
Toby Gnade,2018-12-30 00:00:00.0000000,2018-01-27 00:00:00.0000000,1636516,9,337,1,2,4,7,124,617482,30,1636516,19
Toby Ritter,2018-12-30 00:00:00.0000000,2018-06-20 00:00:00.0000000,51297,7,193,2,1,1,4,211,572439,22,51297,2
Toby Swindell,2018-12-30 00:00:00.0000000,2018-05-18 00:00:00.0000000,244531,12,226,1,3,1,5,131,908990,51,244531,34
Todd Boyes,2018-12-30 00:00:00.0000000,2018-08-06 00:00:00.0000000,196390,13,146,2,3,1,6,231,1664777,44,196390,8
Todd Sumrall,2018-12-30 00:00:00.0000000,2018-11-24 00:00:00.0000000,3107067,15,36,4,4,5,13,445,21327554,59,3107067,31
Tom Ashbrook,2018-12-30 00:00:00.0000000,2018-10-22 00:00:00.0000000,11388497,10,69,3,2,5,10,325,39505468,36,11388497,8
Tom Boeckenhauer,2018-12-30 00:00:00.0000000,2018-06-11 00:00:00.0000000,1070809,17,202,2,4,3,9,243,27617875,55,1070809,12
Tom Prescott,2018-12-30 00:00:00.0000000,2018-09-17 00:00:00.0000000,6422539,10,104,2,2,5,9,225,-5403923,39,6422539,75
Tom Stivers,2018-12-30 00:00:00.0000000,2018-07-11 00:00:00.0000000,289060,7,172,2,1,2,5,212,487017,31,289060,11
Tonja Turnell,2018-12-30 00:00:00.0000000,2018-12-18 00:00:00.0000000,644425,14,12,5,4,2,11,542,8198310,48,644425,18
Tony Chapman,2018-12-30 00:00:00.0000000,2018-07-30 00:00:00.0000000,248424,11,153,2,3,1,6,231,-622145,45,248424,29
Tony Molinari,2018-12-30 00:00:00.0000000,2018-08-22 00:00:00.0000000,298475,4,130,2,1,2,5,212,1579008,12,298475,2
Tony Sayre,2018-12-30 00:00:00.0000000,2018-12-19 00:00:00.0000000,974373,14,11,5,4,3,12,543,-1667510,54,974373,27
Tracy Blumstein,2018-12-30 00:00:00.0000000,2018-09-14 00:00:00.0000000,808617,20,107,2,5,3,10,253,-16216967,85,808617,53
Tracy Collins,2018-12-30 00:00:00.0000000,2018-12-26 00:00:00.0000000,164533,10,4,5,2,1,8,521,1883725,28,164533,11
Tracy Hopkins,2018-12-30 00:00:00.0000000,2018-10-19 00:00:00.0000000,2045593,13,72,3,3,5,11,335,-10084012,44,2045593,9
Tracy Poddar,2018-12-30 00:00:00.0000000,2018-01-14 00:00:00.0000000,1816112,10,350,1,3,4,8,134,1345217,48,1816112,24
Tracy Zic,2018-12-30 00:00:00.0000000,2018-11-25 00:00:00.0000000,676246,9,35,4,2,3,9,423,943554,30,676246,8
Troy Blackwell,2018-12-30 00:00:00.0000000,2018-03-20 00:00:00.0000000,659963,7,285,1,1,3,5,113,-375171,29,659963,19
Troy Staebel,2018-12-30 00:00:00.0000000,2018-11-05 00:00:00.0000000,1419628,11,55,3,3,4,10,334,-2782992,44,1419628,41
Trudy Brown,2018-12-30 00:00:00.0000000,2018-11-30 00:00:00.0000000,1466478,15,30,4,4,4,12,444,1089163,60,1466478,21
Trudy Glocke,2018-12-30 00:00:00.0000000,2018-09-07 00:00:00.0000000,1348919,10,114,2,2,4,8,224,3385612,50,1348919,13
Trudy Schmidt,2018-12-30 00:00:00.0000000,2018-05-06 00:00:00.0000000,1303674,14,238,1,4,4,9,144,2758343,52,1303674,27
Valerie Dominguez,2018-12-30 00:00:00.0000000,2017-05-28 00:00:00.0000000,1461501,16,581,1,4,4,9,144,10623848,71,1461501,12
Valerie Mitchum,2018-12-30 00:00:00.0000000,2018-11-06 00:00:00.0000000,935081,12,54,3,3,3,9,333,2124391,37,935081,12
Valerie Takahito,2018-12-30 00:00:00.0000000,2016-04-05 00:00:00.0000000,1315810,9,999,1,2,4,7,124,37254,42,1315810,30
Vicky Freymann,2018-12-30 00:00:00.0000000,2018-12-17 00:00:00.0000000,748962,11,13,5,3,3,11,533,-962780,35,748962,7
Victor Preis,2018-12-30 00:00:00.0000000,2018-11-30 00:00:00.0000000,165722,5,30,4,1,1,6,411,491119,18,165722,2
Victoria Brennan,2018-12-30 00:00:00.0000000,2018-11-06 00:00:00.0000000,345645,10,54,3,2,2,7,322,1816854,37,345645,17
Victoria Pisteka,2018-12-30 00:00:00.0000000,2018-10-16 00:00:00.0000000,2586229,14,75,3,4,5,12,345,-9136172,65,2586229,24
Victoria Wilson,2018-12-30 00:00:00.0000000,2018-12-02 00:00:00.0000000,1237462,18,28,4,5,4,13,454,3238007,77,1237462,29
Vivek Gonzalez,2018-12-30 00:00:00.0000000,2018-07-29 00:00:00.0000000,522217,8,154,2,2,2,6,222,1436268,32,522217,6
Vivek Grady,2018-12-30 00:00:00.0000000,2018-03-19 00:00:00.0000000,389230,6,286,1,1,2,4,112,222626,16,389230,6
Vivek Sundaresam,2018-12-30 00:00:00.0000000,2018-05-23 00:00:00.0000000,1046594,8,221,2,2,3,7,223,-2681661,38,1046594,38
Vivian Mathis,2018-12-30 00:00:00.0000000,2018-09-04 00:00:00.0000000,78749,8,117,2,2,1,5,221,859077,25,78749,9
William Brown,2018-12-30 00:00:00.0000000,2018-12-10 00:00:00.0000000,3953185,37,20,5,5,5,15,555,791246,146,3953185,76
Xylona Preis,2018-12-30 00:00:00.0000000,2018-11-17 00:00:00.0000000,1005065,28,43,4,5,3,12,453,3775361,100,1005065,13
Yana Sorensen,2018-12-30 00:00:00.0000000,2018-12-21 00:00:00.0000000,3561381,12,9,5,3,5,13,535,16758633,58,3561381,6
Yoseph Carroll,2018-12-30 00:00:00.0000000,2018-12-26 00:00:00.0000000,1920626,8,4,5,2,4,11,524,12279050,31,1920626,6
Zuschuss Carroll,2018-12-30 00:00:00.0000000,2018-11-06 00:00:00.0000000,3383039,31,54,3,5,5,13,355,-16781816,105,3383039,79
Zuschuss Donatelli,2018-12-30 00:00:00.0000000,2018-06-11 00:00:00.0000000,163780,9,202,2,2,1,5,221,2205701,32,163780,10
